﻿fecha,hora,estacion,texto_experiencia
2024-11-20,07:30:28,Wien Meidling,mucho_retraso demasiado_lleno sin_informacion pesimo_servicio
2024-11-21,07:31:45,Salzburg Hbf,retraso tren_lleno muy_molesto servicio_lento
2024-11-21,18:50:30,Klagenfurt Hbf,retraso repetido sucio aglomeracion frustration total
2024-11-21,08:44:14,Klagenfurt Hbf,mucho_retraso demasiado_lleno sin_informacion pesimo_servicio
2024-11-20,07:36:06,Wien Meidling,mal_olor sucio retraso tren_parado sin_explicacion
2024-11-21,08:25:49,Salzburg Hbf,retraso 20_minutos tren_lleno cansancio enojo
2024-11-20,07:39:30,Wien Meidling,puntualidad buena_experiencia comodo sin_problemas
2024-11-21,17:49:48,Salzburg Hbf,retraso 20_minutos tren_lleno cansancio enojo
2024-11-21,18:26:36,Linz Hbf,espera_mas_larga_de_lo_normal retraso ligero
2024-11-20,08:27:22,Graz Hbf,espera_larguisima mala_organizacion sin_asientos ruido
2024-11-20,07:43:04,Salzburg Hbf,mucho_retraso demasiado_lleno sin_informacion pesimo_servicio
2024-11-21,08:27:46,Linz Hbf,demasiada_gente retraso incomodidad calor insoportable
2024-11-20,15:48:42,Klagenfurt Hbf,espera_mas_larga_de_lo_normal retraso ligero
2024-11-21,17:18:53,Wien Hbf,mucho_retraso demasiado_lleno sin_informacion pesimo_servicio
2024-11-20,08:32:54,Klagenfurt Hbf,mucho_retraso demasiado_lleno sin_informacion pesimo_servicio
2024-11-21,07:34:19,Wien Meidling,viaje_tranquilo puntual limpio buen_servicio
2024-11-21,12:11:33,Linz Hbf,ruido constante poca_limpieza poco_confort
2024-11-21,18:38:15,Linz Hbf,fila_larguisima retraso falta_de_personal mala_experiencia
2024-11-20,11:25:58,Linz Hbf,puntualidad buena_experiencia comodo sin_problemas
2024-11-21,15:49:08,Graz Hbf,viaje_tranquilo puntual limpio buen_servicio
2024-11-21,18:59:58,Salzburg Hbf,todo_bien tren_tranquilo buena_organizacion
2024-11-20,17:10:45,Wien Meidling,mal_olor sucio retraso tren_parado sin_explicacion
2024-11-20,08:15:03,Klagenfurt Hbf,fila_larguisima retraso falta_de_personal mala_experiencia
2024-11-20,19:44:57,Innsbruck Hbf,asientos_sucios tren_lento algo_de_retraso
2024-11-21,17:49:50,St. Poelten Hbf,espera_mas_larga_de_lo_normal retraso ligero
2024-11-20,07:02:52,Salzburg Hbf,espera_larguisima mala_organizacion sin_asientos ruido
2024-11-20,17:31:15,Graz Hbf,retraso tren_lleno muy_molesto servicio_lento
2024-11-20,08:06:16,St. Poelten Hbf,retraso repetido sucio aglomeracion frustration total
2024-11-20,20:42:00,Wien Meidling,retraso moderado pero_molesto poca_informacion
2024-11-21,08:57:56,Wien Hbf,mucho_retraso demasiado_lleno sin_informacion pesimo_servicio
2024-11-21,20:34:27,Salzburg Hbf,puntualidad buena_experiencia comodo sin_problemas
2024-11-20,07:25:03,Wien Meidling,espera_larguisima mala_organizacion sin_asientos ruido
2024-11-21,21:34:56,Wien Hbf,retraso moderado pero_molesto poca_informacion
2024-11-20,21:27:00,St. Poelten Hbf,ruido constante poca_limpieza poco_confort
2024-11-21,07:08:00,Klagenfurt Hbf,retraso tren_lleno muy_molesto servicio_lento
2024-11-21,20:17:34,St. Poelten Hbf,ruido constante poca_limpieza poco_confort
2024-11-20,07:07:59,Wien Hbf,fila_larguisima retraso falta_de_personal mala_experiencia
2024-11-21,18:08:39,Linz Hbf,fila_larguisima retraso falta_de_personal mala_experiencia
2024-11-20,07:27:30,Wien Meidling,viaje_tranquilo puntual limpio buen_servicio
2024-11-20,18:17:46,Wien Hbf,mucha_gente empujones sin_espacio viaje_incomodo
2024-11-20,18:11:22,Salzburg Hbf,demasiada_gente retraso incomodidad calor insoportable
2024-11-21,08:31:42,Graz Hbf,mal_olor sucio retraso tren_parado sin_explicacion
2024-11-20,18:16:52,Salzburg Hbf,viaje_tranquilo puntual limpio buen_servicio
2024-11-21,07:09:23,Innsbruck Hbf,retraso 20_minutos tren_lleno cansancio enojo
2024-11-20,17:41:18,Wien Hbf,fila_larguisima retraso falta_de_personal mala_experiencia
2024-11-21,07:53:08,Innsbruck Hbf,puntualidad buena_experiencia comodo sin_problemas
2024-11-20,19:30:55,Innsbruck Hbf,viaje_incomodo aire_acondicionado_deficiente
2024-11-20,09:42:22,Innsbruck Hbf,servicio_regular algo_de_retraso falta_de_wifi
2024-11-21,17:06:56,Innsbruck Hbf,servicio_muy_malo retraso constante viaje_estresante
2024-11-20,18:26:59,St. Poelten Hbf,puntualidad buena_experiencia comodo sin_problemas
2024-11-21,08:34:20,Wien Hbf,fila_larguisima retraso falta_de_personal mala_experiencia
2024-11-21,07:17:24,Wien Hbf,retraso 20_minutos tren_lleno cansancio enojo
2024-11-21,07:14:02,Klagenfurt Hbf,fila_larguisima retraso falta_de_personal mala_experiencia
2024-11-20,10:18:34,Klagenfurt Hbf,puntualidad buena_experiencia comodo sin_problemas
2024-11-20,18:46:49,Innsbruck Hbf,espera_larguisima mala_organizacion sin_asientos ruido
2024-11-20,07:58:04,St. Poelten Hbf,retraso moderado pero_molesto poca_informacion
2024-11-20,17:47:44,Salzburg Hbf,espera_larguisima mala_organizacion sin_asientos ruido
2024-11-20,07:38:02,Graz Hbf,demasiada_gente retraso incomodidad calor insoportable
2024-11-21,17:45:12,Innsbruck Hbf,mucho_retraso demasiado_lleno sin_informacion pesimo_servicio
2024-11-20,17:05:13,Graz Hbf,servicio_muy_malo retraso constante viaje_estresante
2024-11-21,17:15:47,Salzburg Hbf,mucha_gente empujones sin_espacio viaje_incomodo
2024-11-21,08:10:59,Salzburg Hbf,fila_larguisima retraso falta_de_personal mala_experiencia
2024-11-21,17:45:04,Innsbruck Hbf,mucho_retraso demasiado_lleno sin_informacion pesimo_servicio
2024-11-21,08:35:11,Salzburg Hbf,retraso repetido sucio aglomeracion frustration total
2024-11-21,08:42:08,Innsbruck Hbf,mucha_gente empujones sin_espacio viaje_incomodo
2024-11-21,07:39:10,Graz Hbf,mucha_gente empujones sin_espacio viaje_incomodo
2024-11-21,18:09:47,Wien Meidling,retraso repetido sucio aglomeracion frustration total
2024-11-21,17:45:45,Innsbruck Hbf,espera_larguisima mala_organizacion sin_asientos ruido
2024-11-20,08:40:56,St. Poelten Hbf,asientos_sucios tren_lento algo_de_retraso
2024-11-20,18:18:35,St. Poelten Hbf,servicio_muy_malo retraso constante viaje_estresante
2024-11-21,17:00:45,Klagenfurt Hbf,mucho_retraso demasiado_lleno sin_informacion pesimo_servicio
2024-11-20,18:10:43,Salzburg Hbf,fila_larguisima retraso falta_de_personal mala_experiencia
2024-11-20,18:31:08,Graz Hbf,fila_larguisima retraso falta_de_personal mala_experiencia
2024-11-21,18:08:55,St. Poelten Hbf,fila_larguisima retraso falta_de_personal mala_experiencia
2024-11-20,14:38:28,Salzburg Hbf,servicio_regular algo_de_retraso falta_de_wifi
2024-11-21,15:29:23,Innsbruck Hbf,asientos_sucios tren_lento algo_de_retraso
2024-11-21,07:37:05,Wien Meidling,fila_larguisima retraso falta_de_personal mala_experiencia
2024-11-20,07:20:51,Klagenfurt Hbf,mucho_retraso demasiado_lleno sin_informacion pesimo_servicio
2024-11-21,07:08:30,Klagenfurt Hbf,servicio_muy_malo retraso constante viaje_estresante
2024-11-20,19:56:14,Wien Hbf,ruido constante poca_limpieza poco_confort
2024-11-21,08:54:06,Salzburg Hbf,fila_larguisima retraso falta_de_personal mala_experiencia
2024-11-21,07:03:57,Linz Hbf,servicio_muy_malo retraso constante viaje_estresante
2024-11-21,17:19:40,Wien Hbf,ruido constante poca_limpieza poco_confort
2024-11-20,08:03:02,Klagenfurt Hbf,demasiada_gente retraso incomodidad calor insoportable
2024-11-21,08:43:55,Klagenfurt Hbf,demasiada_gente retraso incomodidad calor insoportable
2024-11-21,14:33:42,Wien Hbf,espera_mas_larga_de_lo_normal retraso ligero
2024-11-21,08:28:59,Salzburg Hbf,retraso tren_lleno muy_molesto servicio_lento
2024-11-20,17:18:39,St. Poelten Hbf,asientos_sucios tren_lento algo_de_retraso
2024-11-20,08:35:30,Linz Hbf,retraso 20_minutos tren_lleno cansancio enojo
2024-11-20,08:58:52,Wien Hbf,viaje_tranquilo puntual limpio buen_servicio
2024-11-21,17:51:14,Wien Meidling,espera_larguisima mala_organizacion sin_asientos ruido
2024-11-20,18:56:05,Wien Hbf,mucho_retraso demasiado_lleno sin_informacion pesimo_servicio
2024-11-21,17:09:24,Wien Hbf,retraso 20_minutos tren_lleno cansancio enojo
2024-11-21,07:55:16,St. Poelten Hbf,viaje_incomodo aire_acondicionado_deficiente
2024-11-20,18:28:48,St. Poelten Hbf,fila_larguisima retraso falta_de_personal mala_experiencia
2024-11-21,17:36:38,Wien Meidling,espera_larguisima mala_organizacion sin_asientos ruido
2024-11-21,10:26:21,Klagenfurt Hbf,espera_mas_larga_de_lo_normal retraso ligero
2024-11-21,17:24:49,Innsbruck Hbf,retraso 20_minutos tren_lleno cansancio enojo
2024-11-21,17:37:43,Salzburg Hbf,fila_larguisima retraso falta_de_personal mala_experiencia
2024-11-20,08:15:48,St. Poelten Hbf,mal_olor sucio retraso tren_parado sin_explicacion
2024-11-21,07:41:38,Salzburg Hbf,ruido constante poca_limpieza poco_confort
2024-11-21,08:15:34,Graz Hbf,servicio_muy_malo retraso constante viaje_estresante
2024-11-21,10:55:54,Wien Meidling,asientos_sucios tren_lento algo_de_retraso
2024-11-20,18:44:03,Salzburg Hbf,espera_larguisima mala_organizacion sin_asientos ruido
2024-11-21,18:43:47,Wien Meidling,demasiada_gente retraso incomodidad calor insoportable
2024-11-20,07:41:16,Linz Hbf,fila_larguisima retraso falta_de_personal mala_experiencia
2024-11-21,07:39:53,St. Poelten Hbf,retraso repetido sucio aglomeracion frustration total
2024-11-20,16:27:01,St. Poelten Hbf,ruido constante poca_limpieza poco_confort
2024-11-21,08:57:39,Klagenfurt Hbf,mucho_retraso demasiado_lleno sin_informacion pesimo_servicio
2024-11-21,17:07:19,Innsbruck Hbf,mucha_gente empujones sin_espacio viaje_incomodo
2024-11-20,08:09:22,Salzburg Hbf,ruido constante poca_limpieza poco_confort
2024-11-21,08:57:26,Innsbruck Hbf,servicio_muy_malo retraso constante viaje_estresante
2024-11-20,18:44:08,Innsbruck Hbf,espera_larguisima mala_organizacion sin_asientos ruido
2024-11-20,07:10:14,St. Poelten Hbf,servicio_muy_malo retraso constante viaje_estresante
2024-11-21,08:36:31,Wien Meidling,mal_olor sucio retraso tren_parado sin_explicacion
2024-11-20,20:20:31,Salzburg Hbf,espera_mas_larga_de_lo_normal retraso ligero
2024-11-21,07:20:20,Wien Meidling,retraso repetido sucio aglomeracion frustration total
2024-11-20,08:42:15,St. Poelten Hbf,demasiada_gente retraso incomodidad calor insoportable
2024-11-20,07:54:57,St. Poelten Hbf,fila_larguisima retraso falta_de_personal mala_experiencia
2024-11-21,07:58:59,Innsbruck Hbf,mucha_gente empujones sin_espacio viaje_incomodo
2024-11-20,18:54:08,Wien Hbf,mucha_gente empujones sin_espacio viaje_incomodo
2024-11-21,17:23:55,Innsbruck Hbf,mal_olor sucio retraso tren_parado sin_explicacion
2024-11-20,13:56:06,Wien Meidling,ruido constante poca_limpieza poco_confort
2024-11-21,08:31:29,Graz Hbf,retraso repetido sucio aglomeracion frustration total
2024-11-21,07:54:40,Wien Hbf,fila_larguisima retraso falta_de_personal mala_experiencia
2024-11-21,07:15:49,Wien Hbf,asientos_comodos viaje_agradable servicio_correcto
2024-11-21,07:49:23,St. Poelten Hbf,mal_olor sucio retraso tren_parado sin_explicacion
2024-11-20,17:39:19,Wien Meidling,mal_olor sucio retraso tren_parado sin_explicacion
2024-11-20,17:05:03,Linz Hbf,informacion_confusa cambios_de_anden molestia
2024-11-21,17:12:43,St. Poelten Hbf,mucho_retraso demasiado_lleno sin_informacion pesimo_servicio
2024-11-20,08:37:50,Klagenfurt Hbf,demasiada_gente retraso incomodidad calor insoportable
2024-11-21,10:26:13,Klagenfurt Hbf,asientos_sucios tren_lento algo_de_retraso
2024-11-20,15:15:08,Wien Meidling,asientos_sucios tren_lento algo_de_retraso
2024-11-21,21:33:14,Innsbruck Hbf,servicio_regular algo_de_retraso falta_de_wifi
2024-11-20,08:20:08,Linz Hbf,mal_olor sucio retraso tren_parado sin_explicacion
2024-11-21,08:15:21,St. Poelten Hbf,servicio_muy_malo retraso constante viaje_estresante
2024-11-21,18:41:51,Salzburg Hbf,ruido constante poca_limpieza poco_confort
2024-11-21,18:36:17,Klagenfurt Hbf,servicio_muy_malo retraso constante viaje_estresante
2024-11-20,08:08:34,Wien Meidling,todo_bien tren_tranquilo buena_organizacion
2024-11-21,17:02:05,Linz Hbf,servicio_muy_malo retraso constante viaje_estresante
2024-11-20,17:46:13,Wien Meidling,servicio_muy_malo retraso constante viaje_estresante
2024-11-21,21:38:37,St. Poelten Hbf,viaje_incomodo aire_acondicionado_deficiente
2024-11-20,08:33:26,Wien Meidling,espera_larguisima mala_organizacion sin_asientos ruido
2024-11-21,19:50:31,Wien Meidling,servicio_regular algo_de_retraso falta_de_wifi
2024-11-21,07:03:57,Innsbruck Hbf,retraso tren_lleno muy_molesto servicio_lento
2024-11-21,08:12:31,Linz Hbf,retraso repetido sucio aglomeracion frustration total
2024-11-20,18:24:36,Linz Hbf,mal_olor sucio retraso tren_parado sin_explicacion
2024-11-20,07:34:51,Innsbruck Hbf,mal_olor sucio retraso tren_parado sin_explicacion
2024-11-20,18:20:13,Innsbruck Hbf,servicio_muy_malo retraso constante viaje_estresante
2024-11-21,09:37:35,Wien Meidling,asientos_comodos viaje_agradable servicio_correcto
2024-11-20,07:40:23,Wien Hbf,todo_bien tren_tranquilo buena_organizacion
2024-11-21,18:33:38,St. Poelten Hbf,retraso tren_lleno muy_molesto servicio_lento
2024-11-21,10:11:21,Salzburg Hbf,viaje_incomodo aire_acondicionado_deficiente
2024-11-20,18:38:25,Wien Meidling,retraso repetido sucio aglomeracion frustration total
2024-11-20,08:19:07,Wien Meidling,retraso repetido sucio aglomeracion frustration total
2024-11-21,07:27:24,Graz Hbf,fila_larguisima retraso falta_de_personal mala_experiencia
2024-11-21,10:40:40,Innsbruck Hbf,asientos_comodos viaje_agradable servicio_correcto
2024-11-21,14:31:32,Salzburg Hbf,puntualidad buena_experiencia comodo sin_problemas
2024-11-21,20:38:49,Klagenfurt Hbf,retraso moderado pero_molesto poca_informacion
2024-11-20,07:50:19,Klagenfurt Hbf,demasiada_gente retraso incomodidad calor insoportable
2024-11-21,07:03:25,Graz Hbf,fila_larguisima retraso falta_de_personal mala_experiencia
2024-11-20,18:03:23,Klagenfurt Hbf,demasiada_gente retraso incomodidad calor insoportable
2024-11-20,17:41:33,Wien Meidling,viaje_tranquilo puntual limpio buen_servicio
2024-11-20,08:28:10,Klagenfurt Hbf,viaje_incomodo aire_acondicionado_deficiente
2024-11-20,17:55:20,Klagenfurt Hbf,ruido constante poca_limpieza poco_confort
2024-11-21,08:00:32,Graz Hbf,espera_larguisima mala_organizacion sin_asientos ruido
2024-11-20,12:41:13,Graz Hbf,informacion_confusa cambios_de_anden molestia
2024-11-20,07:16:40,Wien Meidling,mal_olor sucio retraso tren_parado sin_explicacion
2024-11-20,17:02:54,Salzburg Hbf,retraso 20_minutos tren_lleno cansancio enojo
2024-11-20,09:44:08,Salzburg Hbf,servicio_regular algo_de_retraso falta_de_wifi
2024-11-20,10:14:29,Wien Hbf,asientos_sucios tren_lento algo_de_retraso
2024-11-21,08:38:02,Linz Hbf,todo_bien tren_tranquilo buena_organizacion
2024-11-20,07:02:01,Graz Hbf,espera_larguisima mala_organizacion sin_asientos ruido
2024-11-20,08:41:16,Wien Meidling,mucho_retraso demasiado_lleno sin_informacion pesimo_servicio
2024-11-21,08:21:03,Salzburg Hbf,fila_larguisima retraso falta_de_personal mala_experiencia
2024-11-20,21:46:58,St. Poelten Hbf,viaje_incomodo aire_acondicionado_deficiente
2024-11-20,07:54:50,St. Poelten Hbf,mucho_retraso demasiado_lleno sin_informacion pesimo_servicio
2024-11-21,08:23:03,Innsbruck Hbf,retraso repetido sucio aglomeracion frustration total
2024-11-21,17:40:15,Klagenfurt Hbf,mucha_gente empujones sin_espacio viaje_incomodo
2024-11-20,08:04:58,Klagenfurt Hbf,puntualidad buena_experiencia comodo sin_problemas
2024-11-21,13:31:59,Klagenfurt Hbf,ruido constante poca_limpieza poco_confort
2024-11-21,11:41:23,Innsbruck Hbf,informacion_confusa cambios_de_anden molestia
2024-11-21,18:30:11,Wien Meidling,viaje_tranquilo puntual limpio buen_servicio
2024-11-20,08:40:52,Wien Hbf,retraso repetido sucio aglomeracion frustration total
2024-11-21,08:59:16,Wien Hbf,servicio_muy_malo retraso constante viaje_estresante
2024-11-21,08:18:54,St. Poelten Hbf,retraso repetido sucio aglomeracion frustration total
2024-11-20,12:22:25,Wien Meidling,todo_bien tren_tranquilo buena_organizacion
2024-11-21,18:55:23,Wien Hbf,mucha_gente empujones sin_espacio viaje_incomodo
2024-11-21,08:44:05,Graz Hbf,retraso 20_minutos tren_lleno cansancio enojo
2024-11-20,08:29:44,Wien Hbf,retraso repetido sucio aglomeracion frustration total
2024-11-20,09:54:58,Graz Hbf,ruido constante poca_limpieza poco_confort
2024-11-20,18:46:03,Wien Meidling,mucha_gente empujones sin_espacio viaje_incomodo
2024-11-20,17:06:47,St. Poelten Hbf,demasiada_gente retraso incomodidad calor insoportable
2024-11-21,07:37:17,Wien Meidling,fila_larguisima retraso falta_de_personal mala_experiencia
2024-11-21,08:32:38,Innsbruck Hbf,fila_larguisima retraso falta_de_personal mala_experiencia
2024-11-20,17:07:28,Salzburg Hbf,demasiada_gente retraso incomodidad calor insoportable
2024-11-20,11:16:09,St. Poelten Hbf,retraso moderado pero_molesto poca_informacion
2024-11-21,08:36:04,Graz Hbf,fila_larguisima retraso falta_de_personal mala_experiencia
2024-11-20,17:59:33,Graz Hbf,mucho_retraso demasiado_lleno sin_informacion pesimo_servicio
2024-11-21,17:57:01,Wien Hbf,servicio_muy_malo retraso constante viaje_estresante
2024-11-21,18:02:49,Wien Meidling,retraso 20_minutos tren_lleno cansancio enojo
2024-11-21,10:25:45,Wien Meidling,ruido constante poca_limpieza poco_confort
2024-11-21,19:34:37,Linz Hbf,viaje_incomodo aire_acondicionado_deficiente
2024-11-20,08:09:37,Graz Hbf,retraso 20_minutos tren_lleno cansancio enojo
2024-11-20,07:26:56,Wien Meidling,retraso repetido sucio aglomeracion frustration total
2024-11-20,17:25:53,St. Poelten Hbf,servicio_regular algo_de_retraso falta_de_wifi
2024-11-21,17:25:05,Wien Meidling,ruido constante poca_limpieza poco_confort
2024-11-21,07:37:30,Wien Meidling,retraso 20_minutos tren_lleno cansancio enojo
2024-11-21,07:50:20,Wien Meidling,mucho_retraso demasiado_lleno sin_informacion pesimo_servicio
2024-11-21,18:48:06,St. Poelten Hbf,retraso tren_lleno muy_molesto servicio_lento
2024-11-20,07:20:35,Wien Meidling,asientos_comodos viaje_agradable servicio_correcto
2024-11-21,07:32:06,Wien Hbf,asientos_sucios tren_lento algo_de_retraso
2024-11-20,13:59:57,Linz Hbf,espera_mas_larga_de_lo_normal retraso ligero
2024-11-21,07:55:48,Wien Hbf,mucha_gente empujones sin_espacio viaje_incomodo
2024-11-21,08:32:37,Linz Hbf,demasiada_gente retraso incomodidad calor insoportable
2024-11-21,17:47:45,Linz Hbf,servicio_muy_malo retraso constante viaje_estresante
2024-11-20,08:48:05,Wien Meidling,retraso repetido sucio aglomeracion frustration total
2024-11-21,07:42:10,Graz Hbf,espera_larguisima mala_organizacion sin_asientos ruido
2024-11-21,17:21:09,Wien Hbf,mucho_retraso demasiado_lleno sin_informacion pesimo_servicio
2024-11-21,17:15:03,Linz Hbf,ruido constante poca_limpieza poco_confort
2024-11-20,18:25:17,St. Poelten Hbf,retraso repetido sucio aglomeracion frustration total
2024-11-20,17:32:25,St. Poelten Hbf,todo_bien tren_tranquilo buena_organizacion
2024-11-20,08:50:24,Graz Hbf,espera_larguisima mala_organizacion sin_asientos ruido
2024-11-21,07:52:08,Linz Hbf,servicio_muy_malo retraso constante viaje_estresante
2024-11-20,08:31:10,St. Poelten Hbf,viaje_tranquilo puntual limpio buen_servicio
2024-11-21,08:55:29,Innsbruck Hbf,mucho_retraso demasiado_lleno sin_informacion pesimo_servicio
2024-11-20,10:57:57,Linz Hbf,espera_mas_larga_de_lo_normal retraso ligero
2024-11-21,18:51:30,Wien Hbf,retraso 20_minutos tren_lleno cansancio enojo
2024-11-21,17:32:11,Graz Hbf,mucho_retraso demasiado_lleno sin_informacion pesimo_servicio
2024-11-20,18:54:34,Linz Hbf,retraso 20_minutos tren_lleno cansancio enojo
2024-11-20,18:04:30,St. Poelten Hbf,retraso repetido sucio aglomeracion frustration total
2024-11-21,17:02:35,Klagenfurt Hbf,retraso repetido sucio aglomeracion frustration total
2024-11-20,10:19:33,Salzburg Hbf,retraso moderado pero_molesto poca_informacion
2024-11-21,17:08:34,Wien Hbf,mal_olor sucio retraso tren_parado sin_explicacion
2024-11-20,11:18:08,Graz Hbf,espera_mas_larga_de_lo_normal retraso ligero
2024-11-20,08:31:14,Wien Meidling,retraso 20_minutos tren_lleno cansancio enojo
2024-11-20,08:26:47,Innsbruck Hbf,retraso 20_minutos tren_lleno cansancio enojo
2024-11-20,07:32:55,Graz Hbf,mucho_retraso demasiado_lleno sin_informacion pesimo_servicio
2024-11-20,18:51:04,St. Poelten Hbf,mal_olor sucio retraso tren_parado sin_explicacion
2024-11-20,07:08:55,Wien Hbf,ruido constante poca_limpieza poco_confort
2024-11-21,17:05:43,Klagenfurt Hbf,demasiada_gente retraso incomodidad calor insoportable
2024-11-21,17:26:05,Graz Hbf,retraso tren_lleno muy_molesto servicio_lento
2024-11-21,07:54:36,Graz Hbf,servicio_muy_malo retraso constante viaje_estresante
2024-11-20,08:48:51,Klagenfurt Hbf,mucho_retraso demasiado_lleno sin_informacion pesimo_servicio
2024-11-20,17:24:38,Wien Meidling,retraso 20_minutos tren_lleno cansancio enojo
2024-11-20,08:00:52,Linz Hbf,servicio_muy_malo retraso constante viaje_estresante
2024-11-21,08:58:47,Klagenfurt Hbf,mucha_gente empujones sin_espacio viaje_incomodo
2024-11-21,17:07:49,Graz Hbf,servicio_muy_malo retraso constante viaje_estresante
2024-11-20,08:35:57,Wien Hbf,asientos_comodos viaje_agradable servicio_correcto
2024-11-20,17:50:00,Wien Hbf,mucha_gente empujones sin_espacio viaje_incomodo
2024-11-20,17:50:47,Linz Hbf,mucho_retraso demasiado_lleno sin_informacion pesimo_servicio
2024-11-21,17:34:04,Linz Hbf,viaje_tranquilo puntual limpio buen_servicio
2024-11-21,17:16:04,St. Poelten Hbf,demasiada_gente retraso incomodidad calor insoportable
2024-11-20,11:11:55,Salzburg Hbf,ruido constante poca_limpieza poco_confort
2024-11-20,07:23:34,Wien Meidling,mal_olor sucio retraso tren_parado sin_explicacion
2024-11-21,18:15:05,Linz Hbf,demasiada_gente retraso incomodidad calor insoportable
2024-11-20,15:15:41,Linz Hbf,asientos_sucios tren_lento algo_de_retraso
2024-11-20,06:28:42,Graz Hbf,espera_mas_larga_de_lo_normal retraso ligero
2024-11-21,16:02:32,Wien Meidling,retraso moderado pero_molesto poca_informacion
2024-11-21,18:05:21,Wien Meidling,servicio_muy_malo retraso constante viaje_estresante
2024-11-20,17:41:36,Graz Hbf,ruido constante poca_limpieza poco_confort
2024-11-20,20:12:15,Linz Hbf,espera_mas_larga_de_lo_normal retraso ligero
2024-11-20,17:07:33,Linz Hbf,fila_larguisima retraso falta_de_personal mala_experiencia
2024-11-21,08:36:50,Innsbruck Hbf,fila_larguisima retraso falta_de_personal mala_experiencia
2024-11-20,18:15:12,Wien Meidling,demasiada_gente retraso incomodidad calor insoportable
2024-11-20,17:23:22,Graz Hbf,mucha_gente empujones sin_espacio viaje_incomodo
2024-11-20,06:30:59,Innsbruck Hbf,informacion_confusa cambios_de_anden molestia
2024-11-20,13:35:01,St. Poelten Hbf,retraso moderado pero_molesto poca_informacion
2024-11-21,07:33:26,Innsbruck Hbf,servicio_muy_malo retraso constante viaje_estresante
2024-11-21,08:00:01,Salzburg Hbf,mal_olor sucio retraso tren_parado sin_explicacion
2024-11-21,08:38:04,Klagenfurt Hbf,retraso 20_minutos tren_lleno cansancio enojo
2024-11-20,15:22:29,Salzburg Hbf,viaje_incomodo aire_acondicionado_deficiente
2024-11-21,07:19:14,Klagenfurt Hbf,demasiada_gente retraso incomodidad calor insoportable
2024-11-21,17:21:48,Graz Hbf,mucha_gente empujones sin_espacio viaje_incomodo
2024-11-20,15:04:14,St. Poelten Hbf,asientos_comodos viaje_agradable servicio_correcto
2024-11-21,07:53:41,Salzburg Hbf,espera_larguisima mala_organizacion sin_asientos ruido
2024-11-21,08:21:34,Innsbruck Hbf,mal_olor sucio retraso tren_parado sin_explicacion
2024-11-20,13:50:41,Graz Hbf,viaje_incomodo aire_acondicionado_deficiente
2024-11-21,08:17:51,Innsbruck Hbf,retraso 20_minutos tren_lleno cansancio enojo
2024-11-20,08:15:04,Wien Meidling,mucha_gente empujones sin_espacio viaje_incomodo
2024-11-20,13:10:14,Graz Hbf,viaje_incomodo aire_acondicionado_deficiente
2024-11-20,18:08:16,Linz Hbf,retraso tren_lleno muy_molesto servicio_lento
2024-11-21,15:27:14,Linz Hbf,espera_mas_larga_de_lo_normal retraso ligero
2024-11-21,11:47:55,Innsbruck Hbf,espera_mas_larga_de_lo_normal retraso ligero
2024-11-21,18:06:52,St. Poelten Hbf,demasiada_gente retraso incomodidad calor insoportable
2024-11-20,17:56:52,St. Poelten Hbf,retraso tren_lleno muy_molesto servicio_lento
2024-11-21,20:15:08,Wien Hbf,puntualidad buena_experiencia comodo sin_problemas
2024-11-21,18:24:36,Linz Hbf,servicio_muy_malo retraso constante viaje_estresante
2024-11-20,17:15:00,Graz Hbf,mal_olor sucio retraso tren_parado sin_explicacion
2024-11-21,17:56:01,St. Poelten Hbf,mucha_gente empujones sin_espacio viaje_incomodo
2024-11-20,15:26:32,St. Poelten Hbf,viaje_incomodo aire_acondicionado_deficiente
2024-11-21,08:12:47,Innsbruck Hbf,retraso 20_minutos tren_lleno cansancio enojo
2024-11-21,08:16:11,Innsbruck Hbf,demasiada_gente retraso incomodidad calor insoportable
2024-11-20,08:05:30,Innsbruck Hbf,demasiada_gente retraso incomodidad calor insoportable
2024-11-20,17:53:52,Innsbruck Hbf,retraso repetido sucio aglomeracion frustration total
2024-11-20,17:47:17,St. Poelten Hbf,demasiada_gente retraso incomodidad calor insoportable
2024-11-20,18:16:44,Wien Meidling,retraso repetido sucio aglomeracion frustration total
2024-11-20,18:12:30,Wien Hbf,espera_larguisima mala_organizacion sin_asientos ruido
2024-11-20,17:13:43,Wien Hbf,retraso repetido sucio aglomeracion frustration total
2024-11-20,18:59:55,Innsbruck Hbf,espera_larguisima mala_organizacion sin_asientos ruido
2024-11-21,08:44:57,Salzburg Hbf,mucha_gente empujones sin_espacio viaje_incomodo
2024-11-20,09:11:13,Linz Hbf,servicio_regular algo_de_retraso falta_de_wifi
2024-11-20,13:13:37,Innsbruck Hbf,asientos_sucios tren_lento algo_de_retraso
2024-11-20,17:14:39,Innsbruck Hbf,retraso 20_minutos tren_lleno cansancio enojo
2024-11-21,15:53:25,St. Poelten Hbf,asientos_sucios tren_lento algo_de_retraso
2024-11-21,07:22:11,Linz Hbf,demasiada_gente retraso incomodidad calor insoportable
2024-11-20,20:23:43,Salzburg Hbf,informacion_confusa cambios_de_anden molestia
2024-11-20,17:55:21,Graz Hbf,fila_larguisima retraso falta_de_personal mala_experiencia
2024-11-20,07:19:11,Wien Hbf,espera_larguisima mala_organizacion sin_asientos ruido
2024-11-21,07:36:27,Wien Hbf,todo_bien tren_tranquilo buena_organizacion
2024-11-21,17:08:28,Innsbruck Hbf,mal_olor sucio retraso tren_parado sin_explicacion
2024-11-20,18:36:03,Innsbruck Hbf,mucho_retraso demasiado_lleno sin_informacion pesimo_servicio
2024-11-21,07:18:14,Graz Hbf,mal_olor sucio retraso tren_parado sin_explicacion
2024-11-21,14:34:16,Salzburg Hbf,servicio_regular algo_de_retraso falta_de_wifi
2024-11-20,18:47:30,Graz Hbf,mal_olor sucio retraso tren_parado sin_explicacion
2024-11-20,08:02:33,Salzburg Hbf,espera_mas_larga_de_lo_normal retraso ligero
2024-11-20,18:00:19,St. Poelten Hbf,espera_larguisima mala_organizacion sin_asientos ruido
2024-11-20,14:06:35,Linz Hbf,asientos_comodos viaje_agradable servicio_correcto
2024-11-21,08:03:07,Wien Hbf,demasiada_gente retraso incomodidad calor insoportable
2024-11-21,07:29:45,Klagenfurt Hbf,retraso tren_lleno muy_molesto servicio_lento
2024-11-21,15:51:05,St. Poelten Hbf,viaje_tranquilo puntual limpio buen_servicio
2024-11-20,07:18:29,Graz Hbf,servicio_muy_malo retraso constante viaje_estresante
2024-11-21,17:51:32,Linz Hbf,fila_larguisima retraso falta_de_personal mala_experiencia
2024-11-21,17:53:39,Wien Hbf,espera_larguisima mala_organizacion sin_asientos ruido
2024-11-20,14:25:43,Klagenfurt Hbf,espera_mas_larga_de_lo_normal retraso ligero
2024-11-21,10:30:20,Innsbruck Hbf,asientos_sucios tren_lento algo_de_retraso
2024-11-20,19:11:55,Klagenfurt Hbf,retraso moderado pero_molesto poca_informacion
2024-11-20,08:21:05,Wien Hbf,mucha_gente empujones sin_espacio viaje_incomodo
2024-11-20,13:19:22,Salzburg Hbf,espera_mas_larga_de_lo_normal retraso ligero
2024-11-20,17:31:58,Graz Hbf,mucha_gente empujones sin_espacio viaje_incomodo
2024-11-21,18:30:08,Innsbruck Hbf,servicio_muy_malo retraso constante viaje_estresante
2024-11-21,18:40:22,St. Poelten Hbf,servicio_muy_malo retraso constante viaje_estresante
2024-11-20,17:42:40,Graz Hbf,servicio_regular algo_de_retraso falta_de_wifi
2024-11-21,07:25:06,Salzburg Hbf,mal_olor sucio retraso tren_parado sin_explicacion
2024-11-20,18:50:00,Klagenfurt Hbf,retraso tren_lleno muy_molesto servicio_lento
2024-11-21,07:33:09,Wien Meidling,retraso 20_minutos tren_lleno cansancio enojo
2024-11-21,07:40:59,Salzburg Hbf,servicio_regular algo_de_retraso falta_de_wifi
2024-11-20,18:22:19,Salzburg Hbf,mucho_retraso demasiado_lleno sin_informacion pesimo_servicio
2024-11-20,17:45:27,Salzburg Hbf,retraso tren_lleno muy_molesto servicio_lento
2024-11-20,08:08:08,St. Poelten Hbf,servicio_regular algo_de_retraso falta_de_wifi
2024-11-20,17:54:09,Graz Hbf,fila_larguisima retraso falta_de_personal mala_experiencia
2024-11-21,17:49:03,St. Poelten Hbf,retraso 20_minutos tren_lleno cansancio enojo
2024-11-21,18:04:06,Salzburg Hbf,retraso 20_minutos tren_lleno cansancio enojo
2024-11-21,08:57:58,Wien Hbf,retraso repetido sucio aglomeracion frustration total
2024-11-21,18:38:18,Salzburg Hbf,retraso repetido sucio aglomeracion frustration total
2024-11-21,17:33:33,Innsbruck Hbf,retraso 20_minutos tren_lleno cansancio enojo
2024-11-21,17:40:54,Linz Hbf,ruido constante poca_limpieza poco_confort
2024-11-21,18:06:40,Wien Hbf,fila_larguisima retraso falta_de_personal mala_experiencia
2024-11-20,07:21:11,Wien Hbf,viaje_tranquilo puntual limpio buen_servicio
2024-11-21,17:09:16,Salzburg Hbf,retraso tren_lleno muy_molesto servicio_lento
2024-11-21,18:31:02,St. Poelten Hbf,mal_olor sucio retraso tren_parado sin_explicacion
2024-11-20,17:01:37,Innsbruck Hbf,demasiada_gente retraso incomodidad calor insoportable
2024-11-20,17:58:47,Wien Meidling,retraso repetido sucio aglomeracion frustration total
2024-11-20,08:24:37,Innsbruck Hbf,retraso 20_minutos tren_lleno cansancio enojo
2024-11-21,18:02:40,Innsbruck Hbf,espera_larguisima mala_organizacion sin_asientos ruido
2024-11-20,18:43:42,Klagenfurt Hbf,servicio_muy_malo retraso constante viaje_estresante
2024-11-21,07:01:17,St. Poelten Hbf,mucho_retraso demasiado_lleno sin_informacion pesimo_servicio
2024-11-21,08:57:08,Salzburg Hbf,viaje_tranquilo puntual limpio buen_servicio
2024-11-20,18:36:09,Innsbruck Hbf,asientos_comodos viaje_agradable servicio_correcto
2024-11-20,18:27:34,Linz Hbf,viaje_tranquilo puntual limpio buen_servicio
2024-11-21,07:19:41,Wien Meidling,servicio_muy_malo retraso constante viaje_estresante
2024-11-21,08:53:57,Graz Hbf,fila_larguisima retraso falta_de_personal mala_experiencia
2024-11-21,08:32:51,Wien Meidling,informacion_confusa cambios_de_anden molestia
2024-11-21,08:54:30,Klagenfurt Hbf,mucha_gente empujones sin_espacio viaje_incomodo
2024-11-21,08:01:30,Klagenfurt Hbf,retraso 20_minutos tren_lleno cansancio enojo
2024-11-21,17:51:53,Innsbruck Hbf,mucha_gente empujones sin_espacio viaje_incomodo
2024-11-20,07:29:36,Linz Hbf,ruido constante poca_limpieza poco_confort
2024-11-21,07:00:42,Graz Hbf,mal_olor sucio retraso tren_parado sin_explicacion
2024-11-21,07:58:50,Klagenfurt Hbf,fila_larguisima retraso falta_de_personal mala_experiencia
2024-11-20,07:12:42,Klagenfurt Hbf,retraso 20_minutos tren_lleno cansancio enojo
2024-11-20,07:11:33,Salzburg Hbf,fila_larguisima retraso falta_de_personal mala_experiencia
2024-11-20,07:36:42,Linz Hbf,mal_olor sucio retraso tren_parado sin_explicacion
2024-11-20,07:40:55,Graz Hbf,mucho_retraso demasiado_lleno sin_informacion pesimo_servicio
2024-11-21,19:07:24,Salzburg Hbf,espera_mas_larga_de_lo_normal retraso ligero
2024-11-21,07:54:01,Klagenfurt Hbf,mucha_gente empujones sin_espacio viaje_incomodo
2024-11-21,08:52:26,Linz Hbf,mucha_gente empujones sin_espacio viaje_incomodo
2024-11-21,17:27:25,Klagenfurt Hbf,retraso repetido sucio aglomeracion frustration total
2024-11-21,18:07:02,Graz Hbf,puntualidad buena_experiencia comodo sin_problemas
2024-11-21,17:49:50,Salzburg Hbf,mucha_gente empujones sin_espacio viaje_incomodo
2024-11-20,18:39:17,St. Poelten Hbf,espera_larguisima mala_organizacion sin_asientos ruido
2024-11-21,07:15:32,St. Poelten Hbf,asientos_comodos viaje_agradable servicio_correcto
2024-11-20,08:29:55,Klagenfurt Hbf,servicio_muy_malo retraso constante viaje_estresante
2024-11-20,18:19:29,Klagenfurt Hbf,fila_larguisima retraso falta_de_personal mala_experiencia
2024-11-20,12:32:42,Wien Meidling,servicio_regular algo_de_retraso falta_de_wifi
2024-11-20,17:58:16,Wien Hbf,asientos_sucios tren_lento algo_de_retraso
2024-11-21,12:02:11,Wien Meidling,asientos_comodos viaje_agradable servicio_correcto
2024-11-20,08:41:58,Salzburg Hbf,mucha_gente empujones sin_espacio viaje_incomodo
2024-11-21,08:32:46,Linz Hbf,fila_larguisima retraso falta_de_personal mala_experiencia
2024-11-21,14:47:18,Wien Meidling,ruido constante poca_limpieza poco_confort
2024-11-20,19:17:31,Graz Hbf,viaje_incomodo aire_acondicionado_deficiente
2024-11-21,15:29:11,Wien Meidling,ruido constante poca_limpieza poco_confort
2024-11-21,14:14:11,Wien Hbf,viaje_incomodo aire_acondicionado_deficiente
2024-11-20,07:14:55,Salzburg Hbf,retraso repetido sucio aglomeracion frustration total
2024-11-20,07:58:12,Klagenfurt Hbf,puntualidad buena_experiencia comodo sin_problemas
2024-11-20,17:54:00,Salzburg Hbf,mucha_gente empujones sin_espacio viaje_incomodo
2024-11-21,08:36:13,Wien Meidling,demasiada_gente retraso incomodidad calor insoportable
2024-11-20,15:46:25,Salzburg Hbf,viaje_incomodo aire_acondicionado_deficiente
2024-11-21,18:06:49,Klagenfurt Hbf,retraso 20_minutos tren_lleno cansancio enojo
2024-11-21,08:55:26,Innsbruck Hbf,retraso repetido sucio aglomeracion frustration total
2024-11-20,07:32:34,Graz Hbf,retraso repetido sucio aglomeracion frustration total
2024-11-20,07:18:49,Linz Hbf,servicio_muy_malo retraso constante viaje_estresante
2024-11-21,18:28:05,Linz Hbf,retraso repetido sucio aglomeracion frustration total
2024-11-21,08:54:57,Graz Hbf,retraso tren_lleno muy_molesto servicio_lento
2024-11-20,07:52:25,Klagenfurt Hbf,asientos_comodos viaje_agradable servicio_correcto
2024-11-21,18:06:43,Wien Hbf,mucha_gente empujones sin_espacio viaje_incomodo
2024-11-20,08:13:24,St. Poelten Hbf,mal_olor sucio retraso tren_parado sin_explicacion
2024-11-20,08:14:09,Wien Hbf,retraso 20_minutos tren_lleno cansancio enojo
2024-11-21,17:13:58,Innsbruck Hbf,espera_larguisima mala_organizacion sin_asientos ruido
2024-11-20,08:51:30,Salzburg Hbf,mucho_retraso demasiado_lleno sin_informacion pesimo_servicio
2024-11-20,16:42:10,Klagenfurt Hbf,servicio_regular algo_de_retraso falta_de_wifi
2024-11-20,18:51:04,Graz Hbf,retraso tren_lleno muy_molesto servicio_lento
2024-11-21,08:36:07,Innsbruck Hbf,mucha_gente empujones sin_espacio viaje_incomodo
2024-11-20,17:56:11,Linz Hbf,demasiada_gente retraso incomodidad calor insoportable
2024-11-20,18:53:06,St. Poelten Hbf,servicio_muy_malo retraso constante viaje_estresante
2024-11-20,07:56:33,Wien Meidling,mucho_retraso demasiado_lleno sin_informacion pesimo_servicio
2024-11-21,08:59:46,Graz Hbf,mal_olor sucio retraso tren_parado sin_explicacion
2024-11-20,21:25:19,St. Poelten Hbf,informacion_confusa cambios_de_anden molestia
2024-11-21,20:29:05,Klagenfurt Hbf,asientos_sucios tren_lento algo_de_retraso
2024-11-20,07:38:43,Linz Hbf,mucha_gente empujones sin_espacio viaje_incomodo
2024-11-21,18:25:31,Wien Meidling,retraso moderado pero_molesto poca_informacion
2024-11-21,17:21:34,Klagenfurt Hbf,retraso tren_lleno muy_molesto servicio_lento
2024-11-20,08:24:05,Linz Hbf,todo_bien tren_tranquilo buena_organizacion
2024-11-21,07:11:15,Wien Hbf,retraso repetido sucio aglomeracion frustration total
2024-11-21,18:43:06,Wien Meidling,mucho_retraso demasiado_lleno sin_informacion pesimo_servicio
2024-11-20,08:21:03,Wien Hbf,mal_olor sucio retraso tren_parado sin_explicacion
2024-11-20,18:57:27,St. Poelten Hbf,retraso repetido sucio aglomeracion frustration total
2024-11-20,08:50:02,Graz Hbf,retraso 20_minutos tren_lleno cansancio enojo
2024-11-21,18:42:49,Wien Meidling,retraso repetido sucio aglomeracion frustration total
2024-11-20,07:47:56,Klagenfurt Hbf,retraso repetido sucio aglomeracion frustration total
2024-11-21,07:34:41,Wien Meidling,puntualidad buena_experiencia comodo sin_problemas
2024-11-21,08:48:00,Wien Meidling,demasiada_gente retraso incomodidad calor insoportable
2024-11-20,18:22:57,Innsbruck Hbf,retraso tren_lleno muy_molesto servicio_lento
2024-11-20,18:42:06,Salzburg Hbf,retraso tren_lleno muy_molesto servicio_lento
2024-11-21,08:27:07,Wien Hbf,fila_larguisima retraso falta_de_personal mala_experiencia
2024-11-21,08:24:09,Klagenfurt Hbf,servicio_regular algo_de_retraso falta_de_wifi
2024-11-21,08:04:18,Wien Hbf,viaje_tranquilo puntual limpio buen_servicio
2024-11-20,07:08:15,Innsbruck Hbf,servicio_muy_malo retraso constante viaje_estresante
2024-11-21,08:27:27,Linz Hbf,mucha_gente empujones sin_espacio viaje_incomodo
2024-11-21,07:27:44,Graz Hbf,puntualidad buena_experiencia comodo sin_problemas
2024-11-21,18:28:43,Innsbruck Hbf,mucho_retraso demasiado_lleno sin_informacion pesimo_servicio
2024-11-21,21:24:34,Wien Meidling,asientos_sucios tren_lento algo_de_retraso
2024-11-21,17:07:30,Wien Meidling,retraso repetido sucio aglomeracion frustration total
2024-11-20,18:46:13,Graz Hbf,ruido constante poca_limpieza poco_confort
2024-11-21,08:46:38,Wien Hbf,mucho_retraso demasiado_lleno sin_informacion pesimo_servicio
2024-11-21,10:57:04,Wien Meidling,viaje_incomodo aire_acondicionado_deficiente
2024-11-21,08:08:12,Graz Hbf,retraso repetido sucio aglomeracion frustration total
2024-11-20,08:18:21,Salzburg Hbf,mucho_retraso demasiado_lleno sin_informacion pesimo_servicio
2024-11-20,17:33:23,Klagenfurt Hbf,retraso 20_minutos tren_lleno cansancio enojo
2024-11-20,17:04:49,Salzburg Hbf,servicio_muy_malo retraso constante viaje_estresante
2024-11-21,17:43:40,Graz Hbf,mucho_retraso demasiado_lleno sin_informacion pesimo_servicio
2024-11-20,17:24:29,Wien Hbf,fila_larguisima retraso falta_de_personal mala_experiencia
2024-11-21,07:38:32,Graz Hbf,demasiada_gente retraso incomodidad calor insoportable
2024-11-20,07:27:23,Salzburg Hbf,demasiada_gente retraso incomodidad calor insoportable
2024-11-21,18:45:29,Salzburg Hbf,fila_larguisima retraso falta_de_personal mala_experiencia
2024-11-20,07:31:48,Graz Hbf,retraso tren_lleno muy_molesto servicio_lento
2024-11-20,12:50:59,Wien Meidling,todo_bien tren_tranquilo buena_organizacion
2024-11-20,08:07:10,Innsbruck Hbf,puntualidad buena_experiencia comodo sin_problemas
2024-11-20,08:55:26,St. Poelten Hbf,retraso 20_minutos tren_lleno cansancio enojo
2024-11-20,18:27:00,Wien Hbf,mucho_retraso demasiado_lleno sin_informacion pesimo_servicio
2024-11-21,07:39:49,Klagenfurt Hbf,retraso 20_minutos tren_lleno cansancio enojo
2024-11-21,07:10:11,Wien Meidling,retraso repetido sucio aglomeracion frustration total
2024-11-20,07:42:52,Graz Hbf,fila_larguisima retraso falta_de_personal mala_experiencia
2024-11-20,08:56:23,Innsbruck Hbf,retraso repetido sucio aglomeracion frustration total
2024-11-20,17:20:15,Graz Hbf,espera_larguisima mala_organizacion sin_asientos ruido
2024-11-21,17:35:31,Wien Hbf,retraso repetido sucio aglomeracion frustration total
2024-11-21,16:07:14,Wien Meidling,asientos_sucios tren_lento algo_de_retraso
2024-11-21,17:16:34,Linz Hbf,espera_larguisima mala_organizacion sin_asientos ruido
2024-11-20,12:46:35,Wien Meidling,informacion_confusa cambios_de_anden molestia
2024-11-21,07:21:54,Salzburg Hbf,retraso moderado pero_molesto poca_informacion
2024-11-21,07:40:27,Wien Meidling,todo_bien tren_tranquilo buena_organizacion
2024-11-20,06:55:18,Klagenfurt Hbf,espera_mas_larga_de_lo_normal retraso ligero
2024-11-21,07:58:15,Linz Hbf,espera_larguisima mala_organizacion sin_asientos ruido
2024-11-21,17:04:43,Salzburg Hbf,mucha_gente empujones sin_espacio viaje_incomodo
2024-11-21,18:05:24,Klagenfurt Hbf,demasiada_gente retraso incomodidad calor insoportable
2024-11-20,18:48:50,Wien Hbf,fila_larguisima retraso falta_de_personal mala_experiencia
2024-11-21,12:32:14,St. Poelten Hbf,servicio_regular algo_de_retraso falta_de_wifi
2024-11-21,15:08:44,Linz Hbf,viaje_incomodo aire_acondicionado_deficiente
2024-11-20,08:50:41,St. Poelten Hbf,retraso tren_lleno muy_molesto servicio_lento
2024-11-21,10:14:14,Salzburg Hbf,viaje_tranquilo puntual limpio buen_servicio
2024-11-20,18:40:37,Klagenfurt Hbf,espera_larguisima mala_organizacion sin_asientos ruido
2024-11-21,21:23:12,Graz Hbf,asientos_sucios tren_lento algo_de_retraso
2024-11-21,06:30:48,Linz Hbf,viaje_incomodo aire_acondicionado_deficiente
2024-11-20,20:45:10,Innsbruck Hbf,asientos_comodos viaje_agradable servicio_correcto
2024-11-20,07:31:45,St. Poelten Hbf,retraso tren_lleno muy_molesto servicio_lento
2024-11-20,18:50:06,Graz Hbf,retraso repetido sucio aglomeracion frustration total
2024-11-20,17:19:20,Graz Hbf,fila_larguisima retraso falta_de_personal mala_experiencia
2024-11-20,17:54:00,Innsbruck Hbf,retraso 20_minutos tren_lleno cansancio enojo
2024-11-21,07:59:38,Graz Hbf,mal_olor sucio retraso tren_parado sin_explicacion
2024-11-20,16:13:49,Graz Hbf,espera_mas_larga_de_lo_normal retraso ligero
2024-11-20,17:51:39,Linz Hbf,demasiada_gente retraso incomodidad calor insoportable
2024-11-20,18:46:46,Wien Hbf,asientos_comodos viaje_agradable servicio_correcto
2024-11-20,18:23:28,Wien Meidling,mucha_gente empujones sin_espacio viaje_incomodo
2024-11-21,17:32:29,Linz Hbf,retraso 20_minutos tren_lleno cansancio enojo
2024-11-20,18:11:50,St. Poelten Hbf,viaje_incomodo aire_acondicionado_deficiente
2024-11-20,07:09:15,Wien Hbf,mucho_retraso demasiado_lleno sin_informacion pesimo_servicio
2024-11-20,17:22:42,Klagenfurt Hbf,mal_olor sucio retraso tren_parado sin_explicacion
2024-11-21,08:05:27,Salzburg Hbf,mucha_gente empujones sin_espacio viaje_incomodo
2024-11-20,17:04:33,Innsbruck Hbf,retraso 20_minutos tren_lleno cansancio enojo
2024-11-20,07:51:15,Wien Meidling,mucho_retraso demasiado_lleno sin_informacion pesimo_servicio
2024-11-21,18:05:54,Linz Hbf,servicio_muy_malo retraso constante viaje_estresante
2024-11-21,07:28:03,Innsbruck Hbf,asientos_comodos viaje_agradable servicio_correcto
2024-11-21,07:53:38,Linz Hbf,mal_olor sucio retraso tren_parado sin_explicacion
2024-11-20,07:40:12,St. Poelten Hbf,mucha_gente empujones sin_espacio viaje_incomodo
2024-11-20,08:27:08,St. Poelten Hbf,mucho_retraso demasiado_lleno sin_informacion pesimo_servicio
2024-11-20,08:06:46,Wien Meidling,demasiada_gente retraso incomodidad calor insoportable
2024-11-21,17:50:26,Innsbruck Hbf,retraso tren_lleno muy_molesto servicio_lento
2024-11-21,07:36:40,Wien Meidling,retraso repetido sucio aglomeracion frustration total
2024-11-20,17:56:31,Wien Hbf,puntualidad buena_experiencia comodo sin_problemas
2024-11-21,13:37:15,Salzburg Hbf,asientos_comodos viaje_agradable servicio_correcto
2024-11-21,08:56:35,Linz Hbf,fila_larguisima retraso falta_de_personal mala_experiencia
2024-11-20,14:10:28,Salzburg Hbf,asientos_sucios tren_lento algo_de_retraso
2024-11-20,08:33:16,Innsbruck Hbf,retraso repetido sucio aglomeracion frustration total
2024-11-21,20:41:50,Klagenfurt Hbf,ruido constante poca_limpieza poco_confort
2024-11-21,15:27:38,Wien Hbf,servicio_regular algo_de_retraso falta_de_wifi
2024-11-21,08:17:21,Wien Meidling,mucho_retraso demasiado_lleno sin_informacion pesimo_servicio
2024-11-20,21:47:30,Klagenfurt Hbf,viaje_incomodo aire_acondicionado_deficiente
2024-11-21,08:23:08,Innsbruck Hbf,retraso repetido sucio aglomeracion frustration total
2024-11-21,18:34:42,Graz Hbf,servicio_muy_malo retraso constante viaje_estresante
2024-11-20,07:36:40,Graz Hbf,retraso tren_lleno muy_molesto servicio_lento
2024-11-21,18:57:10,Salzburg Hbf,mucho_retraso demasiado_lleno sin_informacion pesimo_servicio
2024-11-20,18:45:40,Klagenfurt Hbf,demasiada_gente retraso incomodidad calor insoportable
2024-11-20,08:52:29,Graz Hbf,mal_olor sucio retraso tren_parado sin_explicacion
2024-11-20,07:42:28,Linz Hbf,servicio_muy_malo retraso constante viaje_estresante
2024-11-20,17:27:24,Wien Hbf,espera_larguisima mala_organizacion sin_asientos ruido
2024-11-21,07:27:11,Klagenfurt Hbf,mal_olor sucio retraso tren_parado sin_explicacion
2024-11-20,08:06:44,St. Poelten Hbf,retraso repetido sucio aglomeracion frustration total
2024-11-21,17:35:18,Innsbruck Hbf,mucho_retraso demasiado_lleno sin_informacion pesimo_servicio
2024-11-20,08:18:07,Salzburg Hbf,espera_larguisima mala_organizacion sin_asientos ruido
2024-11-20,07:55:54,St. Poelten Hbf,retraso tren_lleno muy_molesto servicio_lento
2024-11-20,17:01:09,Innsbruck Hbf,mucha_gente empujones sin_espacio viaje_incomodo
2024-11-21,07:47:36,St. Poelten Hbf,espera_larguisima mala_organizacion sin_asientos ruido
2024-11-21,17:54:13,Graz Hbf,retraso tren_lleno muy_molesto servicio_lento
2024-11-21,07:08:42,Graz Hbf,demasiada_gente retraso incomodidad calor insoportable
2024-11-21,18:28:56,Salzburg Hbf,retraso repetido sucio aglomeracion frustration total
2024-11-20,20:36:23,Graz Hbf,asientos_comodos viaje_agradable servicio_correcto
2024-11-20,17:55:52,Innsbruck Hbf,viaje_incomodo aire_acondicionado_deficiente
2024-11-21,18:19:36,Salzburg Hbf,mucha_gente empujones sin_espacio viaje_incomodo
2024-11-21,10:02:52,St. Poelten Hbf,informacion_confusa cambios_de_anden molestia
2024-11-21,18:54:46,Linz Hbf,fila_larguisima retraso falta_de_personal mala_experiencia
2024-11-21,07:35:18,Linz Hbf,fila_larguisima retraso falta_de_personal mala_experiencia
2024-11-21,07:30:29,Klagenfurt Hbf,demasiada_gente retraso incomodidad calor insoportable
2024-11-21,18:03:19,Wien Hbf,mal_olor sucio retraso tren_parado sin_explicacion
2024-11-20,07:16:21,Innsbruck Hbf,servicio_muy_malo retraso constante viaje_estresante
2024-11-21,17:18:45,Klagenfurt Hbf,todo_bien tren_tranquilo buena_organizacion
2024-11-21,17:24:37,Graz Hbf,mal_olor sucio retraso tren_parado sin_explicacion
2024-11-20,08:01:43,Linz Hbf,retraso repetido sucio aglomeracion frustration total
2024-11-21,20:11:41,Klagenfurt Hbf,espera_mas_larga_de_lo_normal retraso ligero
2024-11-21,17:52:20,Salzburg Hbf,fila_larguisima retraso falta_de_personal mala_experiencia
2024-11-21,11:51:56,Salzburg Hbf,espera_mas_larga_de_lo_normal retraso ligero
2024-11-20,17:33:58,Innsbruck Hbf,retraso 20_minutos tren_lleno cansancio enojo
2024-11-20,17:41:47,Innsbruck Hbf,retraso tren_lleno muy_molesto servicio_lento
2024-11-21,18:11:33,Graz Hbf,retraso repetido sucio aglomeracion frustration total
2024-11-21,08:50:51,Salzburg Hbf,espera_larguisima mala_organizacion sin_asientos ruido
2024-11-20,08:08:53,Wien Hbf,retraso 20_minutos tren_lleno cansancio enojo
2024-11-21,10:39:23,Wien Hbf,espera_mas_larga_de_lo_normal retraso ligero
2024-11-20,17:02:41,Klagenfurt Hbf,mucho_retraso demasiado_lleno sin_informacion pesimo_servicio
2024-11-21,18:04:46,Wien Hbf,espera_larguisima mala_organizacion sin_asientos ruido
2024-11-21,08:11:02,Linz Hbf,mucha_gente empujones sin_espacio viaje_incomodo
2024-11-21,07:54:35,Wien Meidling,espera_mas_larga_de_lo_normal retraso ligero
2024-11-21,07:27:07,Salzburg Hbf,demasiada_gente retraso incomodidad calor insoportable
2024-11-21,11:22:36,St. Poelten Hbf,espera_mas_larga_de_lo_normal retraso ligero
2024-11-20,07:32:01,Wien Meidling,mucho_retraso demasiado_lleno sin_informacion pesimo_servicio
2024-11-21,08:09:51,Innsbruck Hbf,mucho_retraso demasiado_lleno sin_informacion pesimo_servicio
2024-11-20,17:36:03,Linz Hbf,mucho_retraso demasiado_lleno sin_informacion pesimo_servicio
2024-11-20,12:33:27,Klagenfurt Hbf,todo_bien tren_tranquilo buena_organizacion
2024-11-20,17:06:15,Linz Hbf,retraso repetido sucio aglomeracion frustration total
2024-11-21,08:24:53,Graz Hbf,mucho_retraso demasiado_lleno sin_informacion pesimo_servicio
2024-11-21,08:02:19,St. Poelten Hbf,servicio_muy_malo retraso constante viaje_estresante
2024-11-21,17:15:26,Linz Hbf,retraso tren_lleno muy_molesto servicio_lento
2024-11-20,18:49:32,Linz Hbf,mal_olor sucio retraso tren_parado sin_explicacion
2024-11-21,17:07:45,Linz Hbf,informacion_confusa cambios_de_anden molestia
2024-11-21,08:03:21,Wien Hbf,asientos_comodos viaje_agradable servicio_correcto
2024-11-20,08:36:11,Salzburg Hbf,fila_larguisima retraso falta_de_personal mala_experiencia
2024-11-21,18:24:24,St. Poelten Hbf,espera_larguisima mala_organizacion sin_asientos ruido
2024-11-21,17:20:17,Wien Hbf,fila_larguisima retraso falta_de_personal mala_experiencia
2024-11-20,08:55:53,Linz Hbf,mal_olor sucio retraso tren_parado sin_explicacion
2024-11-20,11:50:13,Wien Hbf,viaje_incomodo aire_acondicionado_deficiente
2024-11-20,08:51:33,St. Poelten Hbf,mal_olor sucio retraso tren_parado sin_explicacion
2024-11-21,07:43:09,Wien Hbf,mal_olor sucio retraso tren_parado sin_explicacion
2024-11-20,08:14:58,Innsbruck Hbf,mucho_retraso demasiado_lleno sin_informacion pesimo_servicio
2024-11-20,07:46:32,Salzburg Hbf,retraso tren_lleno muy_molesto servicio_lento
2024-11-21,18:21:54,St. Poelten Hbf,retraso 20_minutos tren_lleno cansancio enojo
2024-11-20,17:00:17,Graz Hbf,demasiada_gente retraso incomodidad calor insoportable
2024-11-20,07:19:10,Wien Meidling,servicio_muy_malo retraso constante viaje_estresante
2024-11-21,08:56:21,Salzburg Hbf,mal_olor sucio retraso tren_parado sin_explicacion
2024-11-21,08:26:27,Wien Meidling,mucha_gente empujones sin_espacio viaje_incomodo
2024-11-21,18:08:50,Wien Hbf,mal_olor sucio retraso tren_parado sin_explicacion
2024-11-20,08:19:53,Linz Hbf,fila_larguisima retraso falta_de_personal mala_experiencia
2024-11-20,08:20:13,Graz Hbf,informacion_confusa cambios_de_anden molestia
2024-11-21,18:34:33,Klagenfurt Hbf,demasiada_gente retraso incomodidad calor insoportable
2024-11-21,14:14:37,Klagenfurt Hbf,puntualidad buena_experiencia comodo sin_problemas
2024-11-21,15:58:21,Salzburg Hbf,puntualidad buena_experiencia comodo sin_problemas
2024-11-20,07:47:08,Linz Hbf,retraso repetido sucio aglomeracion frustration total
2024-11-21,19:50:58,Klagenfurt Hbf,ruido constante poca_limpieza poco_confort
2024-11-21,13:41:21,Wien Hbf,viaje_tranquilo puntual limpio buen_servicio
2024-11-21,17:27:17,Innsbruck Hbf,retraso repetido sucio aglomeracion frustration total
2024-11-21,08:47:05,Wien Hbf,fila_larguisima retraso falta_de_personal mala_experiencia
2024-11-21,07:51:56,Salzburg Hbf,informacion_confusa cambios_de_anden molestia
2024-11-21,18:49:03,Klagenfurt Hbf,retraso tren_lleno muy_molesto servicio_lento
2024-11-21,18:33:32,Wien Hbf,fila_larguisima retraso falta_de_personal mala_experiencia
2024-11-20,09:41:49,St. Poelten Hbf,servicio_regular algo_de_retraso falta_de_wifi
2024-11-20,18:49:38,Salzburg Hbf,viaje_incomodo aire_acondicionado_deficiente
2024-11-20,08:33:12,Wien Meidling,retraso repetido sucio aglomeracion frustration total
2024-11-21,07:36:04,Innsbruck Hbf,mucha_gente empujones sin_espacio viaje_incomodo
2024-11-20,17:21:08,Wien Hbf,retraso 20_minutos tren_lleno cansancio enojo
2024-11-21,17:48:53,Salzburg Hbf,retraso 20_minutos tren_lleno cansancio enojo
2024-11-20,17:21:45,Klagenfurt Hbf,fila_larguisima retraso falta_de_personal mala_experiencia
2024-11-20,18:30:34,Innsbruck Hbf,retraso 20_minutos tren_lleno cansancio enojo
2024-11-20,17:15:19,Wien Hbf,espera_mas_larga_de_lo_normal retraso ligero
2024-11-20,08:27:41,Salzburg Hbf,mucha_gente empujones sin_espacio viaje_incomodo
2024-11-20,08:48:42,Innsbruck Hbf,servicio_muy_malo retraso constante viaje_estresante
2024-11-21,18:45:11,St. Poelten Hbf,fila_larguisima retraso falta_de_personal mala_experiencia
2024-11-21,17:26:17,Wien Meidling,mucho_retraso demasiado_lleno sin_informacion pesimo_servicio
2024-11-20,20:04:40,Wien Meidling,retraso moderado pero_molesto poca_informacion
2024-11-20,18:58:05,Salzburg Hbf,mucho_retraso demasiado_lleno sin_informacion pesimo_servicio
2024-11-21,18:41:58,St. Poelten Hbf,retraso tren_lleno muy_molesto servicio_lento
2024-11-21,07:24:18,Wien Meidling,fila_larguisima retraso falta_de_personal mala_experiencia
2024-11-20,13:25:14,Klagenfurt Hbf,informacion_confusa cambios_de_anden molestia
2024-11-21,07:16:09,Wien Meidling,mucha_gente empujones sin_espacio viaje_incomodo
2024-11-20,07:19:17,Wien Meidling,espera_mas_larga_de_lo_normal retraso ligero
2024-11-21,11:29:09,St. Poelten Hbf,viaje_incomodo aire_acondicionado_deficiente
2024-11-21,18:04:42,Linz Hbf,espera_larguisima mala_organizacion sin_asientos ruido
2024-11-21,21:27:50,Linz Hbf,informacion_confusa cambios_de_anden molestia
2024-11-21,18:48:32,Wien Hbf,retraso 20_minutos tren_lleno cansancio enojo
2024-11-20,08:21:27,Wien Meidling,fila_larguisima retraso falta_de_personal mala_experiencia
2024-11-21,18:39:06,Linz Hbf,servicio_muy_malo retraso constante viaje_estresante
2024-11-20,17:34:30,Wien Hbf,retraso repetido sucio aglomeracion frustration total
2024-11-21,08:31:42,Salzburg Hbf,mucho_retraso demasiado_lleno sin_informacion pesimo_servicio
2024-11-21,12:30:05,Salzburg Hbf,informacion_confusa cambios_de_anden molestia
2024-11-20,07:26:25,Graz Hbf,mal_olor sucio retraso tren_parado sin_explicacion
2024-11-21,08:17:23,Klagenfurt Hbf,retraso 20_minutos tren_lleno cansancio enojo
2024-11-20,07:30:14,Innsbruck Hbf,servicio_muy_malo retraso constante viaje_estresante
2024-11-21,18:59:51,Graz Hbf,mal_olor sucio retraso tren_parado sin_explicacion
2024-11-21,08:28:08,Linz Hbf,demasiada_gente retraso incomodidad calor insoportable
2024-11-20,17:10:26,Wien Hbf,retraso tren_lleno muy_molesto servicio_lento
2024-11-21,09:52:23,St. Poelten Hbf,todo_bien tren_tranquilo buena_organizacion
2024-11-20,08:45:25,Linz Hbf,demasiada_gente retraso incomodidad calor insoportable
2024-11-21,07:49:40,Linz Hbf,espera_larguisima mala_organizacion sin_asientos ruido
2024-11-20,08:17:15,St. Poelten Hbf,retraso repetido sucio aglomeracion frustration total
2024-11-21,17:31:38,Salzburg Hbf,retraso 20_minutos tren_lleno cansancio enojo
2024-11-20,18:48:03,St. Poelten Hbf,mal_olor sucio retraso tren_parado sin_explicacion
2024-11-20,17:14:05,Innsbruck Hbf,fila_larguisima retraso falta_de_personal mala_experiencia
2024-11-21,17:51:25,Wien Meidling,retraso 20_minutos tren_lleno cansancio enojo
2024-11-21,18:10:30,St. Poelten Hbf,retraso 20_minutos tren_lleno cansancio enojo
2024-11-21,06:07:12,St. Poelten Hbf,asientos_sucios tren_lento algo_de_retraso
2024-11-20,17:38:20,Linz Hbf,retraso repetido sucio aglomeracion frustration total
2024-11-21,18:30:15,Wien Meidling,retraso 20_minutos tren_lleno cansancio enojo
2024-11-21,08:20:39,Wien Hbf,servicio_muy_malo retraso constante viaje_estresante
2024-11-20,17:21:59,Wien Hbf,fila_larguisima retraso falta_de_personal mala_experiencia
2024-11-20,07:24:34,Wien Hbf,servicio_muy_malo retraso constante viaje_estresante
2024-11-21,09:56:34,St. Poelten Hbf,ruido constante poca_limpieza poco_confort
2024-11-20,07:19:29,Innsbruck Hbf,retraso repetido sucio aglomeracion frustration total
2024-11-20,12:14:17,Salzburg Hbf,viaje_tranquilo puntual limpio buen_servicio
2024-11-21,07:27:37,Klagenfurt Hbf,fila_larguisima retraso falta_de_personal mala_experiencia
2024-11-20,08:23:56,Wien Meidling,fila_larguisima retraso falta_de_personal mala_experiencia
2024-11-20,08:22:23,Klagenfurt Hbf,retraso tren_lleno muy_molesto servicio_lento
2024-11-21,08:12:20,Klagenfurt Hbf,mal_olor sucio retraso tren_parado sin_explicacion
2024-11-21,18:43:58,Wien Meidling,mucha_gente empujones sin_espacio viaje_incomodo
2024-11-21,07:31:44,Innsbruck Hbf,mucho_retraso demasiado_lleno sin_informacion pesimo_servicio
2024-11-21,08:41:31,Wien Meidling,mucha_gente empujones sin_espacio viaje_incomodo
2024-11-20,08:49:48,Wien Meidling,retraso 20_minutos tren_lleno cansancio enojo
2024-11-20,17:35:40,Graz Hbf,servicio_muy_malo retraso constante viaje_estresante
2024-11-21,13:14:07,St. Poelten Hbf,ruido constante poca_limpieza poco_confort
2024-11-20,17:34:38,Klagenfurt Hbf,todo_bien tren_tranquilo buena_organizacion
2024-11-20,18:00:06,St. Poelten Hbf,asientos_sucios tren_lento algo_de_retraso
2024-11-20,18:47:19,Wien Hbf,fila_larguisima retraso falta_de_personal mala_experiencia
2024-11-20,18:49:49,St. Poelten Hbf,retraso repetido sucio aglomeracion frustration total
2024-11-21,07:50:37,Klagenfurt Hbf,retraso tren_lleno muy_molesto servicio_lento
2024-11-21,18:37:09,Linz Hbf,viaje_tranquilo puntual limpio buen_servicio
2024-11-21,08:29:41,Innsbruck Hbf,fila_larguisima retraso falta_de_personal mala_experiencia
2024-11-20,18:10:25,Linz Hbf,mucha_gente empujones sin_espacio viaje_incomodo
2024-11-20,17:21:29,Klagenfurt Hbf,demasiada_gente retraso incomodidad calor insoportable
2024-11-21,07:27:20,Wien Meidling,mucho_retraso demasiado_lleno sin_informacion pesimo_servicio
2024-11-21,16:10:42,Graz Hbf,todo_bien tren_tranquilo buena_organizacion
2024-11-21,18:02:05,Wien Hbf,mucha_gente empujones sin_espacio viaje_incomodo
2024-11-21,18:16:16,Graz Hbf,demasiada_gente retraso incomodidad calor insoportable
2024-11-20,10:41:28,St. Poelten Hbf,todo_bien tren_tranquilo buena_organizacion
2024-11-21,18:43:25,St. Poelten Hbf,mal_olor sucio retraso tren_parado sin_explicacion
2024-11-20,07:52:14,Salzburg Hbf,espera_larguisima mala_organizacion sin_asientos ruido
2024-11-21,08:13:08,Salzburg Hbf,demasiada_gente retraso incomodidad calor insoportable
2024-11-21,18:52:06,Linz Hbf,fila_larguisima retraso falta_de_personal mala_experiencia
2024-11-21,08:18:19,St. Poelten Hbf,espera_larguisima mala_organizacion sin_asientos ruido
2024-11-20,07:36:14,Salzburg Hbf,espera_larguisima mala_organizacion sin_asientos ruido
2024-11-21,07:10:42,Wien Hbf,mal_olor sucio retraso tren_parado sin_explicacion
2024-11-20,12:45:26,Innsbruck Hbf,ruido constante poca_limpieza poco_confort
2024-11-21,18:09:47,Linz Hbf,espera_larguisima mala_organizacion sin_asientos ruido
2024-11-20,08:13:49,Klagenfurt Hbf,retraso 20_minutos tren_lleno cansancio enojo
2024-11-20,08:10:45,Wien Hbf,retraso tren_lleno muy_molesto servicio_lento
2024-11-20,07:49:22,Linz Hbf,demasiada_gente retraso incomodidad calor insoportable
2024-11-21,08:23:42,St. Poelten Hbf,retraso repetido sucio aglomeracion frustration total
2024-11-21,17:50:49,Innsbruck Hbf,servicio_muy_malo retraso constante viaje_estresante
2024-11-21,08:18:37,Innsbruck Hbf,mucho_retraso demasiado_lleno sin_informacion pesimo_servicio
2024-11-20,17:26:46,St. Poelten Hbf,retraso repetido sucio aglomeracion frustration total
2024-11-20,08:55:58,Graz Hbf,fila_larguisima retraso falta_de_personal mala_experiencia
2024-11-21,18:17:31,Linz Hbf,mucho_retraso demasiado_lleno sin_informacion pesimo_servicio
2024-11-20,08:54:32,Graz Hbf,mal_olor sucio retraso tren_parado sin_explicacion
2024-11-21,18:50:35,Klagenfurt Hbf,retraso tren_lleno muy_molesto servicio_lento
2024-11-20,18:22:40,Linz Hbf,mucha_gente empujones sin_espacio viaje_incomodo
2024-11-21,18:06:33,Wien Meidling,mal_olor sucio retraso tren_parado sin_explicacion
2024-11-21,07:19:46,Klagenfurt Hbf,retraso 20_minutos tren_lleno cansancio enojo
2024-11-21,07:17:55,Salzburg Hbf,viaje_incomodo aire_acondicionado_deficiente
2024-11-21,07:36:31,Innsbruck Hbf,servicio_muy_malo retraso constante viaje_estresante
2024-11-21,12:36:40,St. Poelten Hbf,espera_mas_larga_de_lo_normal retraso ligero
2024-11-21,17:17:04,Wien Meidling,demasiada_gente retraso incomodidad calor insoportable
2024-11-20,07:08:42,Wien Hbf,mal_olor sucio retraso tren_parado sin_explicacion
2024-11-20,15:32:19,Wien Meidling,retraso moderado pero_molesto poca_informacion
2024-11-21,07:53:13,Innsbruck Hbf,espera_larguisima mala_organizacion sin_asientos ruido
2024-11-21,08:54:29,Graz Hbf,retraso tren_lleno muy_molesto servicio_lento
2024-11-21,14:30:17,St. Poelten Hbf,todo_bien tren_tranquilo buena_organizacion
2024-11-20,18:41:59,St. Poelten Hbf,espera_mas_larga_de_lo_normal retraso ligero
2024-11-21,17:42:16,Salzburg Hbf,mal_olor sucio retraso tren_parado sin_explicacion
2024-11-20,07:35:28,Wien Hbf,retraso tren_lleno muy_molesto servicio_lento
2024-11-20,07:01:08,St. Poelten Hbf,mal_olor sucio retraso tren_parado sin_explicacion
2024-11-21,07:39:59,Graz Hbf,retraso tren_lleno muy_molesto servicio_lento
2024-11-20,17:53:53,Klagenfurt Hbf,servicio_muy_malo retraso constante viaje_estresante
2024-11-20,07:32:42,Innsbruck Hbf,mucha_gente empujones sin_espacio viaje_incomodo
2024-11-21,17:36:42,Linz Hbf,mucho_retraso demasiado_lleno sin_informacion pesimo_servicio
2024-11-20,18:24:20,St. Poelten Hbf,mucha_gente empujones sin_espacio viaje_incomodo
2024-11-20,08:13:02,Innsbruck Hbf,mucho_retraso demasiado_lleno sin_informacion pesimo_servicio
2024-11-21,07:01:07,Wien Hbf,retraso repetido sucio aglomeracion frustration total
2024-11-21,08:47:16,St. Poelten Hbf,retraso 20_minutos tren_lleno cansancio enojo
2024-11-20,17:19:56,Wien Meidling,servicio_muy_malo retraso constante viaje_estresante
2024-11-21,17:34:08,Wien Meidling,retraso tren_lleno muy_molesto servicio_lento
2024-11-20,17:33:44,Salzburg Hbf,retraso tren_lleno muy_molesto servicio_lento
2024-11-21,07:42:37,St. Poelten Hbf,asientos_sucios tren_lento algo_de_retraso
2024-11-21,07:44:06,Wien Meidling,retraso tren_lleno muy_molesto servicio_lento
2024-11-21,07:49:12,Wien Meidling,espera_larguisima mala_organizacion sin_asientos ruido
2024-11-20,07:22:51,Wien Meidling,mucha_gente empujones sin_espacio viaje_incomodo
2024-11-21,06:09:45,Linz Hbf,asientos_comodos viaje_agradable servicio_correcto
2024-11-21,10:31:40,Graz Hbf,retraso moderado pero_molesto poca_informacion
2024-11-20,18:35:45,Linz Hbf,mucho_retraso demasiado_lleno sin_informacion pesimo_servicio
2024-11-21,18:47:39,St. Poelten Hbf,retraso 20_minutos tren_lleno cansancio enojo
2024-11-20,08:38:54,St. Poelten Hbf,retraso tren_lleno muy_molesto servicio_lento
2024-11-21,18:06:54,Graz Hbf,retraso repetido sucio aglomeracion frustration total
2024-11-21,11:00:43,Wien Meidling,puntualidad buena_experiencia comodo sin_problemas
2024-11-20,18:13:56,Klagenfurt Hbf,retraso tren_lleno muy_molesto servicio_lento
2024-11-20,17:16:54,Graz Hbf,puntualidad buena_experiencia comodo sin_problemas
2024-11-20,17:52:54,Linz Hbf,mal_olor sucio retraso tren_parado sin_explicacion
2024-11-21,17:15:04,Wien Hbf,mucho_retraso demasiado_lleno sin_informacion pesimo_servicio
2024-11-20,07:14:36,Wien Hbf,mucho_retraso demasiado_lleno sin_informacion pesimo_servicio
2024-11-21,18:35:45,Graz Hbf,retraso tren_lleno muy_molesto servicio_lento
2024-11-20,07:28:29,St. Poelten Hbf,mucho_retraso demasiado_lleno sin_informacion pesimo_servicio
2024-11-20,17:56:47,Innsbruck Hbf,retraso tren_lleno muy_molesto servicio_lento
2024-11-20,21:11:26,Wien Meidling,asientos_sucios tren_lento algo_de_retraso
2024-11-20,15:40:42,Salzburg Hbf,asientos_sucios tren_lento algo_de_retraso
2024-11-20,18:41:52,Graz Hbf,mucha_gente empujones sin_espacio viaje_incomodo
2024-11-21,13:46:28,Linz Hbf,puntualidad buena_experiencia comodo sin_problemas
2024-11-21,18:12:53,Graz Hbf,asientos_comodos viaje_agradable servicio_correcto
2024-11-21,18:55:21,Graz Hbf,servicio_muy_malo retraso constante viaje_estresante
2024-11-20,08:44:32,Graz Hbf,demasiada_gente retraso incomodidad calor insoportable
2024-11-21,08:39:09,Wien Hbf,demasiada_gente retraso incomodidad calor insoportable
2024-11-20,11:29:41,Salzburg Hbf,asientos_sucios tren_lento algo_de_retraso
2024-11-21,18:34:10,Linz Hbf,fila_larguisima retraso falta_de_personal mala_experiencia
2024-11-20,07:18:53,Salzburg Hbf,mucha_gente empujones sin_espacio viaje_incomodo
2024-11-20,08:17:53,Wien Meidling,espera_larguisima mala_organizacion sin_asientos ruido
2024-11-21,09:08:51,Wien Meidling,informacion_confusa cambios_de_anden molestia
2024-11-21,17:52:05,Graz Hbf,retraso tren_lleno muy_molesto servicio_lento
2024-11-21,13:54:22,Wien Meidling,servicio_regular algo_de_retraso falta_de_wifi
2024-11-20,21:27:51,Klagenfurt Hbf,retraso moderado pero_molesto poca_informacion
2024-11-20,08:13:43,Salzburg Hbf,retraso 20_minutos tren_lleno cansancio enojo
2024-11-20,17:53:38,Salzburg Hbf,viaje_tranquilo puntual limpio buen_servicio
2024-11-21,07:18:02,Wien Hbf,mal_olor sucio retraso tren_parado sin_explicacion
2024-11-21,07:59:19,Linz Hbf,retraso repetido sucio aglomeracion frustration total
2024-11-21,08:29:03,Salzburg Hbf,fila_larguisima retraso falta_de_personal mala_experiencia
2024-11-20,17:44:09,Wien Meidling,mucha_gente empujones sin_espacio viaje_incomodo
2024-11-20,07:47:33,Wien Hbf,retraso 20_minutos tren_lleno cansancio enojo
2024-11-21,08:52:10,Linz Hbf,asientos_comodos viaje_agradable servicio_correcto
2024-11-21,17:27:15,Wien Meidling,retraso repetido sucio aglomeracion frustration total
2024-11-20,10:25:28,Innsbruck Hbf,puntualidad buena_experiencia comodo sin_problemas
2024-11-20,17:41:39,Graz Hbf,retraso tren_lleno muy_molesto servicio_lento
2024-11-20,09:51:25,Innsbruck Hbf,espera_mas_larga_de_lo_normal retraso ligero
2024-11-21,18:34:54,Klagenfurt Hbf,retraso tren_lleno muy_molesto servicio_lento
2024-11-20,07:27:24,Innsbruck Hbf,mucha_gente empujones sin_espacio viaje_incomodo
2024-11-20,17:09:05,Graz Hbf,demasiada_gente retraso incomodidad calor insoportable
2024-11-20,18:28:39,Wien Meidling,servicio_muy_malo retraso constante viaje_estresante
2024-11-21,17:12:01,St. Poelten Hbf,fila_larguisima retraso falta_de_personal mala_experiencia
2024-11-20,17:41:37,Linz Hbf,servicio_muy_malo retraso constante viaje_estresante
2024-11-20,08:25:21,Innsbruck Hbf,fila_larguisima retraso falta_de_personal mala_experiencia
2024-11-20,18:51:15,Salzburg Hbf,todo_bien tren_tranquilo buena_organizacion
2024-11-20,07:18:44,Salzburg Hbf,servicio_muy_malo retraso constante viaje_estresante
2024-11-21,07:42:39,St. Poelten Hbf,retraso 20_minutos tren_lleno cansancio enojo
2024-11-20,08:13:54,Linz Hbf,espera_larguisima mala_organizacion sin_asientos ruido
2024-11-21,17:18:27,Linz Hbf,retraso repetido sucio aglomeracion frustration total
2024-11-21,18:38:13,Linz Hbf,retraso 20_minutos tren_lleno cansancio enojo
2024-11-20,13:32:14,St. Poelten Hbf,todo_bien tren_tranquilo buena_organizacion
2024-11-21,07:17:57,Innsbruck Hbf,mucha_gente empujones sin_espacio viaje_incomodo
2024-11-20,07:03:33,Linz Hbf,mal_olor sucio retraso tren_parado sin_explicacion
2024-11-21,12:48:27,St. Poelten Hbf,ruido constante poca_limpieza poco_confort
2024-11-21,07:04:24,Innsbruck Hbf,retraso tren_lleno muy_molesto servicio_lento
2024-11-21,17:27:41,Linz Hbf,mucho_retraso demasiado_lleno sin_informacion pesimo_servicio
2024-11-21,14:55:08,St. Poelten Hbf,servicio_regular algo_de_retraso falta_de_wifi
2024-11-20,18:23:00,Graz Hbf,servicio_muy_malo retraso constante viaje_estresante
2024-11-21,18:21:04,Wien Meidling,retraso tren_lleno muy_molesto servicio_lento
2024-11-21,18:59:50,Wien Hbf,asientos_comodos viaje_agradable servicio_correcto
2024-11-21,17:06:43,Klagenfurt Hbf,mal_olor sucio retraso tren_parado sin_explicacion
2024-11-21,11:12:17,Innsbruck Hbf,ruido constante poca_limpieza poco_confort
2024-11-20,18:03:17,Wien Meidling,mal_olor sucio retraso tren_parado sin_explicacion
2024-11-20,18:35:02,Klagenfurt Hbf,servicio_muy_malo retraso constante viaje_estresante
2024-11-21,08:20:35,St. Poelten Hbf,espera_larguisima mala_organizacion sin_asientos ruido
2024-11-20,18:37:08,Wien Meidling,mucho_retraso demasiado_lleno sin_informacion pesimo_servicio
2024-11-20,17:32:34,Klagenfurt Hbf,espera_mas_larga_de_lo_normal retraso ligero
2024-11-20,08:44:53,Linz Hbf,retraso 20_minutos tren_lleno cansancio enojo
2024-11-20,09:15:22,Klagenfurt Hbf,retraso moderado pero_molesto poca_informacion
2024-11-21,18:00:55,Wien Meidling,retraso repetido sucio aglomeracion frustration total
2024-11-20,06:03:51,Wien Hbf,viaje_incomodo aire_acondicionado_deficiente
2024-11-21,08:50:14,Salzburg Hbf,mal_olor sucio retraso tren_parado sin_explicacion
2024-11-20,07:55:59,Wien Hbf,mucha_gente empujones sin_espacio viaje_incomodo
2024-11-20,11:03:46,Salzburg Hbf,espera_mas_larga_de_lo_normal retraso ligero
2024-11-20,07:47:39,Innsbruck Hbf,retraso tren_lleno muy_molesto servicio_lento
2024-11-21,06:53:33,Linz Hbf,asientos_sucios tren_lento algo_de_retraso
2024-11-21,18:21:13,Linz Hbf,fila_larguisima retraso falta_de_personal mala_experiencia
2024-11-21,12:33:25,Innsbruck Hbf,viaje_tranquilo puntual limpio buen_servicio
2024-11-21,07:09:14,Wien Meidling,fila_larguisima retraso falta_de_personal mala_experiencia
2024-11-21,08:57:20,Klagenfurt Hbf,fila_larguisima retraso falta_de_personal mala_experiencia
2024-11-20,17:14:55,Wien Meidling,fila_larguisima retraso falta_de_personal mala_experiencia
2024-11-21,17:00:34,Klagenfurt Hbf,todo_bien tren_tranquilo buena_organizacion
2024-11-21,18:25:05,St. Poelten Hbf,retraso repetido sucio aglomeracion frustration total
2024-11-21,08:23:12,Salzburg Hbf,demasiada_gente retraso incomodidad calor insoportable
2024-11-20,08:48:46,Klagenfurt Hbf,espera_larguisima mala_organizacion sin_asientos ruido
2024-11-21,08:50:03,Salzburg Hbf,retraso tren_lleno muy_molesto servicio_lento
2024-11-21,07:40:59,Wien Hbf,retraso 20_minutos tren_lleno cansancio enojo
2024-11-20,08:38:54,Linz Hbf,retraso tren_lleno muy_molesto servicio_lento
2024-11-20,08:31:48,Wien Hbf,mal_olor sucio retraso tren_parado sin_explicacion
2024-11-20,18:58:07,St. Poelten Hbf,retraso 20_minutos tren_lleno cansancio enojo
2024-11-21,07:01:11,Graz Hbf,todo_bien tren_tranquilo buena_organizacion
2024-11-20,18:49:09,Wien Meidling,retraso 20_minutos tren_lleno cansancio enojo
2024-11-20,07:51:13,Klagenfurt Hbf,retraso repetido sucio aglomeracion frustration total
2024-11-20,18:42:36,Wien Hbf,retraso 20_minutos tren_lleno cansancio enojo
2024-11-21,07:32:26,Salzburg Hbf,demasiada_gente retraso incomodidad calor insoportable
2024-11-21,07:05:06,St. Poelten Hbf,mucho_retraso demasiado_lleno sin_informacion pesimo_servicio
2024-11-20,15:06:11,St. Poelten Hbf,viaje_incomodo aire_acondicionado_deficiente
2024-11-21,08:36:30,Linz Hbf,retraso moderado pero_molesto poca_informacion
2024-11-20,14:21:45,Wien Meidling,servicio_regular algo_de_retraso falta_de_wifi
2024-11-20,08:55:47,Graz Hbf,mucho_retraso demasiado_lleno sin_informacion pesimo_servicio
2024-11-21,07:52:36,Innsbruck Hbf,informacion_confusa cambios_de_anden molestia
2024-11-20,07:28:39,Innsbruck Hbf,espera_larguisima mala_organizacion sin_asientos ruido
2024-11-21,18:31:37,Linz Hbf,retraso repetido sucio aglomeracion frustration total
2024-11-21,18:16:24,Graz Hbf,espera_larguisima mala_organizacion sin_asientos ruido
2024-11-21,18:49:46,Linz Hbf,espera_larguisima mala_organizacion sin_asientos ruido
2024-11-20,18:13:48,Wien Hbf,retraso repetido sucio aglomeracion frustration total
2024-11-21,06:55:06,Wien Meidling,retraso moderado pero_molesto poca_informacion
2024-11-21,18:20:55,Graz Hbf,mal_olor sucio retraso tren_parado sin_explicacion
2024-11-21,08:43:32,Wien Meidling,fila_larguisima retraso falta_de_personal mala_experiencia
2024-11-21,08:49:32,Wien Meidling,mal_olor sucio retraso tren_parado sin_explicacion
2024-11-21,18:44:39,Salzburg Hbf,espera_larguisima mala_organizacion sin_asientos ruido
2024-11-20,17:13:51,Klagenfurt Hbf,viaje_incomodo aire_acondicionado_deficiente
2024-11-20,18:47:41,St. Poelten Hbf,retraso 20_minutos tren_lleno cansancio enojo
2024-11-21,07:47:59,Innsbruck Hbf,retraso repetido sucio aglomeracion frustration total
2024-11-21,07:14:03,Graz Hbf,mucho_retraso demasiado_lleno sin_informacion pesimo_servicio
2024-11-20,15:41:54,Klagenfurt Hbf,espera_mas_larga_de_lo_normal retraso ligero
2024-11-20,18:05:51,Salzburg Hbf,retraso 20_minutos tren_lleno cansancio enojo
2024-11-21,13:55:31,Salzburg Hbf,viaje_incomodo aire_acondicionado_deficiente
2024-11-20,08:37:11,Wien Meidling,mal_olor sucio retraso tren_parado sin_explicacion
2024-11-21,08:00:47,Wien Meidling,servicio_muy_malo retraso constante viaje_estresante
2024-11-20,18:51:56,Wien Hbf,mal_olor sucio retraso tren_parado sin_explicacion
2024-11-20,08:19:17,Linz Hbf,retraso tren_lleno muy_molesto servicio_lento
2024-11-20,08:24:02,Salzburg Hbf,espera_larguisima mala_organizacion sin_asientos ruido
2024-11-21,18:32:46,Graz Hbf,servicio_muy_malo retraso constante viaje_estresante
2024-11-20,18:09:41,Innsbruck Hbf,retraso repetido sucio aglomeracion frustration total
2024-11-20,17:07:15,Graz Hbf,fila_larguisima retraso falta_de_personal mala_experiencia
2024-11-20,21:45:33,Klagenfurt Hbf,ruido constante poca_limpieza poco_confort
2024-11-21,13:23:29,Salzburg Hbf,espera_mas_larga_de_lo_normal retraso ligero
2024-11-20,07:52:30,Klagenfurt Hbf,retraso 20_minutos tren_lleno cansancio enojo
2024-11-20,17:17:08,Wien Hbf,mucho_retraso demasiado_lleno sin_informacion pesimo_servicio
2024-11-20,14:51:36,Wien Meidling,asientos_sucios tren_lento algo_de_retraso
2024-11-20,08:02:15,Klagenfurt Hbf,mucha_gente empujones sin_espacio viaje_incomodo
2024-11-20,08:51:58,Salzburg Hbf,retraso 20_minutos tren_lleno cansancio enojo
2024-11-20,08:08:00,Innsbruck Hbf,espera_larguisima mala_organizacion sin_asientos ruido
2024-11-21,16:29:31,St. Poelten Hbf,retraso moderado pero_molesto poca_informacion
2024-11-21,08:34:16,Innsbruck Hbf,fila_larguisima retraso falta_de_personal mala_experiencia
2024-11-21,18:23:17,Wien Meidling,mal_olor sucio retraso tren_parado sin_explicacion
2024-11-21,18:13:02,St. Poelten Hbf,mal_olor sucio retraso tren_parado sin_explicacion
2024-11-21,07:48:11,Innsbruck Hbf,todo_bien tren_tranquilo buena_organizacion
2024-11-20,18:42:19,Innsbruck Hbf,mucha_gente empujones sin_espacio viaje_incomodo
2024-11-20,18:18:12,Wien Hbf,demasiada_gente retraso incomodidad calor insoportable
2024-11-21,07:10:29,Innsbruck Hbf,demasiada_gente retraso incomodidad calor insoportable
2024-11-20,07:35:04,Linz Hbf,mucho_retraso demasiado_lleno sin_informacion pesimo_servicio
2024-11-20,07:23:56,St. Poelten Hbf,espera_larguisima mala_organizacion sin_asientos ruido
2024-11-20,21:41:32,Linz Hbf,retraso moderado pero_molesto poca_informacion
2024-11-20,19:42:12,Salzburg Hbf,asientos_comodos viaje_agradable servicio_correcto
2024-11-21,09:02:43,Graz Hbf,informacion_confusa cambios_de_anden molestia
2024-11-20,17:15:50,Klagenfurt Hbf,mal_olor sucio retraso tren_parado sin_explicacion
2024-11-21,18:42:43,Klagenfurt Hbf,espera_larguisima mala_organizacion sin_asientos ruido
2024-11-21,08:58:49,St. Poelten Hbf,demasiada_gente retraso incomodidad calor insoportable
2024-11-21,18:33:14,Graz Hbf,viaje_tranquilo puntual limpio buen_servicio
2024-11-21,17:37:13,Wien Meidling,demasiada_gente retraso incomodidad calor insoportable
2024-11-21,08:45:33,Salzburg Hbf,espera_larguisima mala_organizacion sin_asientos ruido
2024-11-21,17:42:46,Wien Meidling,retraso tren_lleno muy_molesto servicio_lento
2024-11-20,18:33:35,Innsbruck Hbf,espera_larguisima mala_organizacion sin_asientos ruido
2024-11-21,07:12:33,Salzburg Hbf,mucha_gente empujones sin_espacio viaje_incomodo
2024-11-20,08:11:02,Linz Hbf,espera_mas_larga_de_lo_normal retraso ligero
2024-11-21,18:17:17,Wien Meidling,retraso repetido sucio aglomeracion frustration total
2024-11-20,07:10:20,Klagenfurt Hbf,demasiada_gente retraso incomodidad calor insoportable
2024-11-21,17:37:51,Klagenfurt Hbf,servicio_muy_malo retraso constante viaje_estresante
2024-11-21,10:42:03,Linz Hbf,todo_bien tren_tranquilo buena_organizacion
2024-11-21,17:27:23,St. Poelten Hbf,retraso repetido sucio aglomeracion frustration total
2024-11-20,17:29:49,St. Poelten Hbf,mucho_retraso demasiado_lleno sin_informacion pesimo_servicio
2024-11-21,08:18:00,Wien Hbf,mal_olor sucio retraso tren_parado sin_explicacion
2024-11-21,17:05:09,Linz Hbf,demasiada_gente retraso incomodidad calor insoportable
2024-11-21,16:27:39,St. Poelten Hbf,informacion_confusa cambios_de_anden molestia
2024-11-21,18:46:37,Salzburg Hbf,mucho_retraso demasiado_lleno sin_informacion pesimo_servicio
2024-11-20,18:46:28,Graz Hbf,mucha_gente empujones sin_espacio viaje_incomodo
2024-11-21,08:26:19,Graz Hbf,viaje_tranquilo puntual limpio buen_servicio
2024-11-21,08:44:39,Linz Hbf,espera_larguisima mala_organizacion sin_asientos ruido
2024-11-20,18:01:41,Klagenfurt Hbf,informacion_confusa cambios_de_anden molestia
2024-11-20,07:11:35,Salzburg Hbf,mal_olor sucio retraso tren_parado sin_explicacion
2024-11-20,08:20:57,Wien Meidling,servicio_muy_malo retraso constante viaje_estresante
2024-11-21,18:50:50,Wien Hbf,retraso tren_lleno muy_molesto servicio_lento
2024-11-21,17:05:50,St. Poelten Hbf,espera_larguisima mala_organizacion sin_asientos ruido
2024-11-20,10:14:28,Linz Hbf,viaje_tranquilo puntual limpio buen_servicio
2024-11-21,08:24:25,Wien Hbf,retraso repetido sucio aglomeracion frustration total
2024-11-20,18:52:03,Linz Hbf,mal_olor sucio retraso tren_parado sin_explicacion
2024-11-20,07:56:08,Salzburg Hbf,espera_mas_larga_de_lo_normal retraso ligero
2024-11-20,13:45:32,Klagenfurt Hbf,servicio_regular algo_de_retraso falta_de_wifi
2024-11-21,18:14:31,Wien Hbf,espera_larguisima mala_organizacion sin_asientos ruido
2024-11-20,07:19:17,Graz Hbf,retraso repetido sucio aglomeracion frustration total
2024-11-20,17:05:33,Klagenfurt Hbf,mucha_gente empujones sin_espacio viaje_incomodo
2024-11-20,07:00:52,Innsbruck Hbf,mucho_retraso demasiado_lleno sin_informacion pesimo_servicio
2024-11-21,18:04:59,Linz Hbf,espera_larguisima mala_organizacion sin_asientos ruido
2024-11-21,07:23:49,Linz Hbf,retraso tren_lleno muy_molesto servicio_lento
2024-11-21,08:52:50,Klagenfurt Hbf,retraso 20_minutos tren_lleno cansancio enojo
2024-11-20,08:12:23,Salzburg Hbf,todo_bien tren_tranquilo buena_organizacion
2024-11-21,18:00:09,Salzburg Hbf,retraso moderado pero_molesto poca_informacion
2024-11-20,18:28:28,St. Poelten Hbf,asientos_comodos viaje_agradable servicio_correcto
2024-11-20,17:07:22,Salzburg Hbf,demasiada_gente retraso incomodidad calor insoportable
2024-11-21,18:43:32,Wien Hbf,mucho_retraso demasiado_lleno sin_informacion pesimo_servicio
2024-11-20,08:10:18,St. Poelten Hbf,espera_larguisima mala_organizacion sin_asientos ruido
2024-11-21,17:44:28,Graz Hbf,mucho_retraso demasiado_lleno sin_informacion pesimo_servicio
2024-11-20,18:58:46,Wien Meidling,espera_larguisima mala_organizacion sin_asientos ruido
2024-11-21,07:59:30,St. Poelten Hbf,mucha_gente empujones sin_espacio viaje_incomodo
2024-11-20,08:38:16,Innsbruck Hbf,retraso 20_minutos tren_lleno cansancio enojo
2024-11-20,08:17:38,Wien Meidling,retraso repetido sucio aglomeracion frustration total
2024-11-21,07:46:54,Linz Hbf,demasiada_gente retraso incomodidad calor insoportable
2024-11-20,17:31:21,St. Poelten Hbf,fila_larguisima retraso falta_de_personal mala_experiencia
2024-11-20,17:38:06,Salzburg Hbf,servicio_muy_malo retraso constante viaje_estresante
2024-11-20,18:20:47,Wien Hbf,mucha_gente empujones sin_espacio viaje_incomodo
2024-11-21,06:43:45,Klagenfurt Hbf,viaje_tranquilo puntual limpio buen_servicio
2024-11-21,18:52:08,Salzburg Hbf,mal_olor sucio retraso tren_parado sin_explicacion
2024-11-20,08:39:54,Linz Hbf,espera_larguisima mala_organizacion sin_asientos ruido
2024-11-21,17:12:23,Linz Hbf,demasiada_gente retraso incomodidad calor insoportable
2024-11-21,19:36:14,St. Poelten Hbf,ruido constante poca_limpieza poco_confort
2024-11-20,13:22:45,Graz Hbf,servicio_regular algo_de_retraso falta_de_wifi
2024-11-21,06:01:29,Klagenfurt Hbf,viaje_tranquilo puntual limpio buen_servicio
2024-11-21,08:42:47,Salzburg Hbf,mucha_gente empujones sin_espacio viaje_incomodo
2024-11-20,07:07:29,Wien Hbf,retraso 20_minutos tren_lleno cansancio enojo
2024-11-20,07:05:34,Wien Meidling,retraso repetido sucio aglomeracion frustration total
2024-11-20,08:13:40,Salzburg Hbf,mal_olor sucio retraso tren_parado sin_explicacion
2024-11-20,18:08:45,Wien Hbf,demasiada_gente retraso incomodidad calor insoportable
2024-11-20,08:08:27,St. Poelten Hbf,mucho_retraso demasiado_lleno sin_informacion pesimo_servicio
2024-11-21,08:31:55,Salzburg Hbf,mucho_retraso demasiado_lleno sin_informacion pesimo_servicio
2024-11-21,07:24:24,Wien Meidling,mucho_retraso demasiado_lleno sin_informacion pesimo_servicio
2024-11-20,18:07:45,Wien Hbf,espera_larguisima mala_organizacion sin_asientos ruido
2024-11-21,17:18:01,St. Poelten Hbf,servicio_muy_malo retraso constante viaje_estresante
2024-11-20,08:59:01,Graz Hbf,fila_larguisima retraso falta_de_personal mala_experiencia
2024-11-21,18:47:25,St. Poelten Hbf,mucha_gente empujones sin_espacio viaje_incomodo
2024-11-21,08:47:46,Salzburg Hbf,demasiada_gente retraso incomodidad calor insoportable
2024-11-21,08:55:26,Innsbruck Hbf,retraso 20_minutos tren_lleno cansancio enojo
2024-11-21,17:15:42,Linz Hbf,todo_bien tren_tranquilo buena_organizacion
2024-11-20,18:36:47,Linz Hbf,puntualidad buena_experiencia comodo sin_problemas
2024-11-20,18:18:26,Graz Hbf,demasiada_gente retraso incomodidad calor insoportable
2024-11-20,18:30:52,Linz Hbf,retraso 20_minutos tren_lleno cansancio enojo
2024-11-21,18:12:51,Klagenfurt Hbf,retraso tren_lleno muy_molesto servicio_lento
2024-11-21,14:20:18,Wien Hbf,puntualidad buena_experiencia comodo sin_problemas
2024-11-21,07:39:34,St. Poelten Hbf,puntualidad buena_experiencia comodo sin_problemas
2024-11-21,17:05:28,Wien Meidling,fila_larguisima retraso falta_de_personal mala_experiencia
2024-11-21,17:30:05,Graz Hbf,mucho_retraso demasiado_lleno sin_informacion pesimo_servicio
2024-11-20,08:11:52,Salzburg Hbf,demasiada_gente retraso incomodidad calor insoportable
2024-11-20,18:32:26,Klagenfurt Hbf,mucho_retraso demasiado_lleno sin_informacion pesimo_servicio
2024-11-20,18:09:50,Klagenfurt Hbf,retraso 20_minutos tren_lleno cansancio enojo
2024-11-20,13:47:05,Wien Hbf,viaje_incomodo aire_acondicionado_deficiente
2024-11-21,08:00:50,Salzburg Hbf,mucho_retraso demasiado_lleno sin_informacion pesimo_servicio
2024-11-21,13:33:57,Linz Hbf,todo_bien tren_tranquilo buena_organizacion
2024-11-21,13:32:24,Wien Meidling,espera_mas_larga_de_lo_normal retraso ligero
2024-11-20,08:58:26,Wien Meidling,retraso 20_minutos tren_lleno cansancio enojo
2024-11-21,07:37:19,St. Poelten Hbf,fila_larguisima retraso falta_de_personal mala_experiencia
2024-11-20,17:39:31,Innsbruck Hbf,retraso tren_lleno muy_molesto servicio_lento
2024-11-21,17:30:39,Linz Hbf,retraso tren_lleno muy_molesto servicio_lento
2024-11-21,18:26:54,Klagenfurt Hbf,demasiada_gente retraso incomodidad calor insoportable
2024-11-20,17:33:24,St. Poelten Hbf,demasiada_gente retraso incomodidad calor insoportable
2024-11-20,08:05:36,St. Poelten Hbf,demasiada_gente retraso incomodidad calor insoportable
2024-11-20,17:02:23,Wien Hbf,retraso repetido sucio aglomeracion frustration total
2024-11-20,17:18:29,Innsbruck Hbf,retraso tren_lleno muy_molesto servicio_lento
2024-11-21,17:48:36,Wien Meidling,demasiada_gente retraso incomodidad calor insoportable
2024-11-20,09:20:09,Linz Hbf,espera_mas_larga_de_lo_normal retraso ligero
2024-11-21,21:03:06,Innsbruck Hbf,todo_bien tren_tranquilo buena_organizacion
2024-11-21,18:52:24,Innsbruck Hbf,retraso repetido sucio aglomeracion frustration total
2024-11-21,13:30:00,Wien Meidling,asientos_sucios tren_lento algo_de_retraso
2024-11-20,07:25:43,Wien Meidling,fila_larguisima retraso falta_de_personal mala_experiencia
2024-11-21,08:51:47,St. Poelten Hbf,retraso tren_lleno muy_molesto servicio_lento
2024-11-21,08:51:33,Graz Hbf,mucha_gente empujones sin_espacio viaje_incomodo
2024-11-20,06:31:24,Salzburg Hbf,retraso moderado pero_molesto poca_informacion
2024-11-20,08:35:29,Linz Hbf,viaje_incomodo aire_acondicionado_deficiente
2024-11-20,08:34:19,Wien Meidling,mucho_retraso demasiado_lleno sin_informacion pesimo_servicio
2024-11-20,19:47:12,Wien Meidling,asientos_sucios tren_lento algo_de_retraso
2024-11-20,15:20:51,Wien Meidling,ruido constante poca_limpieza poco_confort
2024-11-21,07:01:24,Salzburg Hbf,mucho_retraso demasiado_lleno sin_informacion pesimo_servicio
2024-11-20,07:12:23,Graz Hbf,demasiada_gente retraso incomodidad calor insoportable
2024-11-21,18:39:28,Wien Meidling,fila_larguisima retraso falta_de_personal mala_experiencia
2024-11-20,19:53:39,Salzburg Hbf,asientos_sucios tren_lento algo_de_retraso
2024-11-21,17:00:35,Salzburg Hbf,viaje_tranquilo puntual limpio buen_servicio
